01/Jul/18,10850000000000000000,0,65070811424400000000, 0	
01/Mar/19,4160000000000000000,0,143100000000000000, 0	
01/May/18,100000000000000000,0,3529072060000000000, 0	
01/Nov/18,101000000000000000,0,0, 0	
01/Oct/17,4147401490000000000,0,0, 0	
02/Aug/17,1603199857000000000,0,0, 0	
02/May/19,1000000000000000000,0,2454790000000000000, 0	
02/Oct/18,468510400000000000,0,57464006903348625851, 0	
03/Apr/18,6458691400000000000,0,8410000000000000000, 0	
03/Aug/18,2000000000000000000,0,5177375480000000000, 0	
03/Dec/17,316754049244974894,0,1102067800681642496, 0	
03/Feb/18,200000000000000000,0,0, 0	
03/Jan/18,2669430481423945038,0,201000000000000000, 0	
03/Jun/18,503235108000000000,0,538451000000000000, 0	
03/Sep/17,1135820033720000000,917884844606055320257,0, 0	
04/Apr/19,3678358181604939776,0,170000000000000000, 0	
04/Dec/18,0,0,5497059440000000000, 0	
04/Feb/19,2309183074453123134,0,0, 0	
04/Jan/19,100000000000000,0,20806000000000000000, 0	
04/Jun/19,990000000000000000,0,5480000000000000000, 0	
04/Mar/18,10000000000000000,0,25855800554787539787, 0	
04/Nov/17,593591343639687933,0,52305220506942200, 0	
04/Sep/18,127222000000000000,0,29822792172887749401, 0	
05/Jul/18,3248643420000000000,0,8663318718000000000, 0	
05/Mar/19,0,0,2249547000000000000, 0	
05/May/18,112165966950800000000,0,2089656910000000000, 0	
05/Nov/18,250000000000000000,0,1202547620000000000, 0	
05/Oct/17,2005543961849920067,0,50928249548461200, 0	
06/Aug/17,148555908540000000000,0,0, 0	
06/May/19,1140000000000000000,0,104000000000000000, 0	
06/Oct/18,0,0,31249364811239563570, 0	
07/Apr/18,90000000000000000,0,49915255718794795044, 0	
07/Aug/18,36166400000000000,0,31885191700000000000, 0	
07/Dec/17,69571617381820838000,0,58668330000000000, 0	
07/Feb/18,967600837391018985,0,100500000000000000, 0	
07/Jan/18,4288386360000000000,0,23400000000000000, 0	
07/Jun/18,2837269430000000000,0,500000000000000000, 0	
07/Sep/17,50942738389396720194,0,10000000000000, 0	
08/Apr/19,8000000000000000000,0,282322020000000000, 0	
08/Dec/18,0,0,1469819564000000000, 0	
08/Feb/19,900000000000000000,0,21800121522000000000, 0	
08/Jan/19,0,0,4056946000000000000, 0	
08/Jul/17,2679060984658681826800,0,0, 0	
08/Jun/19,0,0,1200000000000000000, 0	
08/Mar/18,690000000000000000,0,47207265020000000000, 0	
08/Nov/17,46227099620292504665,0,120772269723001896, 0	
08/Sep/18,0,0,7420247330000000000, 0	
09/Jul/18,6240000000000000000,0,2600542550000000000, 0	
09/Mar/19,20223154080000000000,0,9606914974896510940, 0	
09/May/18,19063920158000000000,0,20791611280000000000, 0	
09/Nov/18,0,0,64576000010000000, 0	
09/Oct/17,1783300516000000000,0,1324747460000000000, 0	
10/Apr/18,12537150000000000,0,12532550790000000000, 0	
10/Aug/18,3101203370000000000,0,505000000000000000, 0	
10/Dec/17,2100000000000000000,0,112291785571385600, 0	
10/Feb/18,2824527436000000000,0,10708160300000000000, 0	
10/Jan/18,5815633925000000000,0,100500000000000000, 0	
10/Jun/18,67912887737357056,0,8524364537576695447, 0	
10/Sep/17,105427024482269337568,0,48398544980200000000, 0	
11/Apr/19,0,0,59700000000000000000, 0	
11/Dec/18,0,0,3727283080000000000, 0	
11/Feb/19,38135260030000000000,0,0, 0	
11/Jan/19,0,0,626470500000000000, 0	
11/Jul/17,9453124038921619746,0,0, 0	
11/Jun/19,86984000000000000,0,8556000000000000000, 0	
11/Mar/18,1000000000000000,0,43756500820000000000, 0	
11/Nov/17,597845357124863650350,0,52236956577214000, 0	
11/Sep/18,2000000000000000000,0,243631561357282014926, 0	
12/Jul/18,1510000000000000000,0,224784508201916016700, 0	
12/Mar/19,70366730910000000000,0,7000000000000000000, 0	
12/May/18,0,0,8622990895000000000, 0	
12/Nov/18,0,0,0, 0	
12/Oct/17,17804333989132087029,0,0, 0	
13/Aug/17,1835176805893029200000,0,4650895230000000000, 0	
13/May/19,0,0,2049812459176875440, 0	
13/Oct/18,0,0,541192203190800000, 0	
14/Apr/18,410051000000000000,0,2802421420000000000, 0	
14/Aug/18,112115840000000000,0,500000000000000000, 0	
14/Dec/17,1676790000000000000,0,55641481437852800, 0	
14/Feb/18,1778650000000000000,0,170000000000000000, 0	
14/Jan/18,19963679777999999978,0,43328615754809600000, 0	
14/Jun/18,70000000000000000,0,8994467404968853340, 0	
14/Sep/17,120000000000000000000,0,0, 0	
15/Apr/19,31528840000000000,0,3069593096784064130, 0	
15/Dec/18,0,0,144480000000000000, 0	
15/Feb/19,4000000000000000000,0,99469000000000000, 0	
15/Jan/19,0,0,0, 0	
15/Jul/17,90200000000000000000,0,0, 0	
15/Jun/19,0,0,3334353470000000000, 0	
15/Mar/18,45052520000000000,0,3583070940850312400, 0	
15/Nov/17,1943389220000000000,0,51403421994434400, 0	
15/Sep/18,1000000000000000000,0,140531433998151263287, 0	
16/Jul/18,480000000000000000,0,26078400875000000000, 0	
16/Mar/19,4482000000000000000,0,10361000000000000000, 0	
16/May/18,0,0,10003814710000000000, 0	
16/Nov/18,0,0,0, 0	
16/Oct/17,51224358000000000000,0,199175632291878078, 0	
17/Aug/17,16025468557025000000,0,0, 0	
17/May/19,0,0,160000000000000000, 0	
17/Oct/18,0,0,11190222070000000001, 0	
18/Apr/18,2093835310000000000,0,12998174172063769700, 0	
18/Aug/18,600000000000000000,0,3999916000000000000, 0	
18/Dec/17,6984261748000000000,0,150000000000000000, 0	
18/Feb/18,893334080000000000,0,1320738563225361104, 0	
18/Jan/18,25430003577038106240,0,18000000000000000000, 0	
18/Jun/18,2000000000000000,0,39467638886713435135, 0	
18/Sep/17,1303209657200060498,0,31010001000000000000, 0	
19/Apr/19,15764420000000000,0,0, 0	
19/Dec/18,380000000000000000,0,6869232000000000000, 0	
19/Feb/19,0,0,2100000000000000000, 0	
19/Jan/19,4000000000000000000,0,821360000000000000, 0	
19/Jul/17,447217287452000000000,1200000000000000000,0, 0	
19/Jun/19,1500000000000000000,0,9425213260000000000, 0	
19/Mar/18,1000000000000000,0,13027639377313722775, 0	
19/Nov/17,19098985246927920930,0,50693215396720696, 0	
19/Sep/18,20336160000000000,0,244124600377339309816, 0	
20/Aug/17,139625354459676922260,0,6390000000000000000, 0	
20/Jun/17,0,160374785203763268000,0, 0	
20/May/19,1500000000000000000,0,0, 0	
20/Oct/18,0,0,2199748000000000000, 0	
21/Apr/18,39458500000000000000,0,31961305010000000000, 0	
21/Aug/18,0,0,5317600000000000000, 0	
21/Dec/17,50710989928000000000,0,107690302928525225, 0	
21/Feb/18,9721563116000000000,0,35617664005935571896, 0	
21/Jan/18,2417563458000000000,0,2000000000000000000, 0	
21/Jun/18,46700630000000000,0,10272966920000000000, 0	
21/Sep/17,1629865993002496440,0,0, 0	
22/Apr/19,0,0,2021000000000000000, 0	
22/Dec/18,2381036140000000000,0,266800000000000000, 0	
22/Feb/19,13953026782328862563,0,1771546080000000000, 0	
22/Jan/19,6000000000000000000,0,0, 0	
22/Jun/19,0,0,5517230779999979000, 0	
22/Mar/18,25129000545430471330,0,81833581760000000000, 0	
22/Nov/17,155723712737944324962,0,51185831651140000, 0	
22/Sep/18,0,0,254157593852028687575, 0	
23/Jul/18,351642250000000000,0,15588078510000000000, 0	
23/Mar/19,900000000000000000,0,2050000000000000000, 0	
23/May/18,581912845000000000,0,8580715883000000000, 0	
23/Nov/18,0,0,0, 0	
23/Oct/17,2460786375551226030,0,1727780000000000000, 0	
24/Aug/17,53639660833974172180,0,0, 0	
24/May/19,0,0,0, 0	
24/Oct/18,2831050000000000,0,0, 0	
25/Apr/18,2004721792000000000,0,28418197001000000000, 0	
25/Aug/18,1150000000000000000,0,7802618850000000000, 0	
25/Dec/17,85101311352000000000,0,50311131485318400, 0	
25/Feb/18,125000000000000000,0,8790665293245430000, 0	
25/Jan/18,57898040000000000,0,100500000000000000, 0	
25/Jun/18,182961440000000000,0,6738202000000000000, 0	
25/Sep/17,14068760000000000000,0,100000000000000000, 0	
26/Apr/19,1049035590000000000,0,2198071180000000000, 0	
26/Dec/18,0,0,10100000000000000000, 0	
26/Feb/19,277870000000000000,0,7076098253952000, 0	
26/Jan/19,0,0,0, 0	
26/Jul/17,73717884856435215149,0,2191231968872458410, 0	
26/Jun/19,1763752000000000000,0,1968344280000000000, 0	
26/Mar/18,507855000000000000,0,53743248455163497710, 0	
26/Nov/17,4246360135800000000,0,0, 0	
26/Sep/18,0,0,248493361175730200923, 0	
27/Jul/18,18083200000000000,0,7927307090000000000, 0	
27/Mar/19,0,0,10050000000000000000, 0	
27/May/18,38273651016152493945,0,52673752812781268250, 0	
27/Nov/18,0,0,110000000000000000, 0	
27/Oct/17,3962550520000000000,0,50784547555868104, 0	
28/Aug/17,7486896496086615091,0,5158000000000000000, 0	
28/May/19,0,0,600000000000000000, 0	
28/Oct/18,2497219858156028370,0,1418439716312056740, 0	
29/Apr/18,1010000000000000000,0,14500000000000000000, 0	
29/Aug/18,1950000000000000000,0,2136456860000000000, 0	
29/Dec/17,23177243520000000000,0,51670610138183496, 0	
29/Jan/18,4723299671037656669,0,964040000000000, 0	
29/Jun/18,210506690000000000,0,78380604024185887800, 0	
29/Sep/17,3161438181831287840,0,99468466711794400, 0	
30/Jul/18,50632960000000000,0,35247403262034056000, 0	
30/Mar/19,0,0,2000000000000000, 0	
30/May/18,33303125983014676016,0,17598988770000000000, 0	
30/Nov/18,3800000000000000,0,20000000000000000, 0	
30/Oct/17,2395872327662638324,0,50853289510133704, 0	
31/Aug/17,498459900324071697944,158001717279136166221,0, 0	
31/May/19,720000000000000000,0,6344311117000000000, 0	
31/Oct/18,160000000000000000,0,5400000000000000000, 0	
01/Apr/19,13188060240000000000,0,1332510000000000000, 0	
01/Dec/18,900000000000000000,0,808000000000000000, 0	
01/Feb/19,3300000000000000000,0,6600000000000000000, 0	
01/Jan/19,0,0,160000000000000000, 0	
01/Jun/19,0,0,1905901570000000000, 0	
01/Mar/18,3875446000000000000,0,11789960090000000000, 0	
01/Nov/17,1500000000000000000,0,0, 0	
01/Sep/18,12000000000000000000,0,17962272247896446792, 0	
02/Jul/18,5131011213231163344,0,95529464702524554628, 0	
02/Mar/19,4000000000000000000,0,3816449954641669188, 0	
02/May/18,39716732989776470410,0,28699328270000000000, 0	
02/Nov/18,650000000000000000,0,1000000000000000000, 0	
02/Oct/17,1000000000000000000,0,51542120600302296, 0	
03/Aug/17,350100749405810875793,0,3995000000000000000, 0	
03/May/19,0,0,1799114904000000000, 0	
03/Oct/18,0,0,15763298162691370840, 0	
04/Apr/18,1000000000000000000,0,18268987360000000000, 0	
04/Aug/18,1930000000000000000,0,112739561143570247326, 0	
04/Dec/17,3938319452777811996,0,100722000000000000, 0	
04/Feb/18,4006211008096723201,0,52000000000000000, 0	
04/Jan/18,2311630338000000000,0,62000000000000000, 0	
04/Jun/18,12045861337303862635,0,9892916090000000000, 0	
04/Sep/17,201433305395457889773,0,0, 0	
05/Apr/19,0,0,517811040000000000, 0	
05/Dec/18,0,0,50439781896711415313, 0	
05/Feb/19,12000000000000000000,0,0, 0	
05/Jan/19,0,0,2000000000000000000, 0	
05/Jul/17,500000000000000000,0,3000000000000000000, 0	
05/Jun/19,0,0,1339713850000000000, 0	
05/Mar/18,2000000000000000,0,25306247160000000000, 0	
05/Nov/17,5230000000000000000,0,125306010228449400, 0	
05/Sep/18,1000000000000000000,0,7270488171401559681, 0	
06/Jul/18,1709428288000000000,0,98900150292804945964, 0	
06/Mar/19,21200000000000000000,0,0, 0	
06/May/18,11792866014489069984,0,45820890299511554241, 0	
06/Nov/18,1142363000000000000,0,0, 0	
06/Oct/17,0,0,153195818401629788, 0	
07/Aug/17,13179488266631027013,0,0, 0	
07/May/19,4500000000000000000,0,480000000000000000, 0	
07/Oct/18,0,0,4622777676313304848, 0	
08/Apr/18,31227192000000000000,0,52696889290000000000, 0	
08/Aug/18,3053933370000000000,0,1680000000000000000, 0	
08/Dec/17,2120000000000000000,0,4000000000000000000, 0	
08/Feb/18,250003650039320000,0,63882130822379528, 0	
08/Jan/18,15145998120000000000,0,112350000000000000, 0	
08/Jun/18,106099404497000000000,0,5619832560000000000, 0	
08/Sep/17,331457492534371489,0,10, 0	
09/Apr/19,10049374600000000000,0,3765537516905783800, 0	
09/Dec/18,0,0,372000000000000000, 0	
09/Feb/19,24900000000000000000,0,4712655920000000000, 0	
09/Jan/19,4400000000000000000,0,503000000000000000, 0	
09/Jul/17,84653363550139441808,0,0, 0	
09/Jun/19,6446070000000000,0,286764440000000000, 0	
09/Mar/18,237858361474596859,0,11052524658481590200, 0	
09/Nov/17,951077210000000000,0,50936528845381000, 0	
09/Sep/18,4000000000000000000,0,219669105988443922685, 0	
10/Aug/17,268420180125107223984,0,500000000000000000, 0	
10/May/19,900000000000000000,0,2762860000000000000, 0	
10/Oct/18,0,0,20000000000000000, 0	
11/Apr/18,0,0,33241106871416269400, 0	
11/Aug/18,2100000000000000000,0,12252139000000000000, 0	
11/Dec/17,902362790000000000,0,110673665443406721, 0	
11/Feb/18,3200000000000000000,0,2960000000000000000, 0	
11/Jan/18,501373620000000000,0,100500000000000000, 0	
11/Jun/18,48252178000000000000,0,6754393299794712540, 0	
11/Sep/17,88321000000000000,0,560000000000000000, 0	
12/Apr/19,12003000000000000000,0,8150000000000000000, 0	
12/Dec/18,0,0,1778770949720670390, 0	
12/Feb/19,0,0,2323400000000000000, 0	
12/Jan/19,0,0,5234748770000000000, 0	
12/Jul/17,1503432445694108418216,0,0, 0	
12/Jun/19,0,0,550000000000000000, 0	
12/Mar/18,12799172606992278,0,2470472664051556696, 0	
12/Nov/17,32165763585559557453,0,50797199506687600, 0	
12/Sep/18,636110000000000000,0,307951544169394700123, 0	
13/Jul/18,750000000000000000,0,5994823568750000000, 0	
13/Mar/19,310382100000000000,0,1000000000000000, 0	
13/May/18,55100000000000000000,0,995000000000000000, 0	
13/Nov/18,0,0,4090000000000000000, 0	
13/Oct/17,24748609001000020360,0,0, 0	
14/Aug/17,87070931242925555287,0,0, 0	
14/Jun/17,1000000000000000000,0,0, 0	
14/May/19,901675425437990934,0,7961624220875981868, 0	
14/Oct/18,400000000000000000,0,2999073141807383641, 0	
15/Apr/18,243688200000000000,0,72943209850000000000, 0	
15/Aug/18,2100000000000000000,0,3700000000000000000, 0	
15/Dec/17,50481413749316992,0,62000000000000000, 0	
15/Feb/18,500000000000000000,0,64000000000000000, 0	
15/Jan/18,165939434592272830760,0,10369165648190815000, 0	
15/Jun/18,5491000000000000000,500000000000000000,13411856690000000000, 0	
15/Sep/17,1000068504322735292,0,0, 0	
16/Apr/19,3100000000000000000,0,0, 0	
16/Dec/18,200000000000000000,0,4976000000000000000, 0	
16/Feb/19,0,0,0, 0	
16/Jan/19,0,0,1078738200000000000, 0	
16/Jul/17,84550000000000000000,0,0, 0	
16/Jun/19,9300000000000000000,0,799947500000000000, 0	
16/Mar/18,1000000000000000000,0,3160000000000000000, 0	
16/Nov/17,177841407525000000000,0,0, 0	
16/Sep/18,0,0,484006616952007692848, 0	
17/Jul/18,0,0,55459688958100000000, 0	
17/Mar/19,16000000000000000000,0,0, 0	
17/May/18,2105571500932815540,0,32773337577946773369, 0	
17/Nov/18,0,0,0, 0	
17/Oct/17,2489258000000000000,0,10000000000000000, 0	
18/Aug/17,617438851516054500000,0,0, 0	
18/May/19,0,0,99748000000000000, 0	
18/Oct/18,6659163500000000000,0,2914523600000000000, 0	
19/Apr/18,56432916000000000000,0,28550159320000000000, 0	
19/Aug/18,267269000000000000,0,10196295560000000000, 0	
19/Dec/17,7086103458000000000,0,53243746965987704, 0	
19/Feb/18,5334407510000000000,0,2966768743266641183, 0	
19/Jan/18,37019759227000000000,0,9184670000000000000, 0	
19/Jun/18,1143298520000000128,0,3800051300000000000, 0	
19/Sep/17,80298029495857671299,0,11020000000000000000, 0	
20/Jul/18,2010000000000000000,0,7440986761530438800, 0	
20/Mar/19,8000000000000000000,0,379660402073502275384, 0	
20/May/18,4786874247021080312,0,1199966180000000000, 0	
20/Nov/18,2673277950000000000,0,13215211370000000000, 0	
20/Oct/17,152293398261628744633,0,3862040531358258800, 0	
21/Aug/17,494536586000000000,0,0, 0	
21/Jun/17,0,2016500000000000000,0, 0	
21/May/19,930000000000000000,0,1860500000000000000, 0	
21/Oct/18,0,0,2153500000000000000, 0	
22/Apr/18,1000000000000000000,0,10473871990000000000, 0	
22/Aug/18,600000000000000000,0,3340483305000000000, 0	
22/Dec/17,1130504076000000000,0,62541345292420911, 0	
22/Feb/18,1000000000000000000,0,8123225310000000000, 0	
22/Jan/18,35531435239199781573,0,104792100000000000, 0	
22/Jun/18,23118260000000000,0,8604452325310387220, 0	
22/Sep/17,3878666870000000000,0,0, 0	
23/Apr/19,1000000000000000000,0,0, 0	
23/Dec/18,900000000000000000,0,6090300740000000000, 0	
23/Feb/19,623907790000000000,0,3096981900000000000, 0	
23/Jan/19,0,0,898304040424770560, 0	
23/Jul/17,232944491037073507580,0,0, 0	
23/Jun/19,0,0,14919754083000000000, 0	
23/Mar/18,13897970768000000000,0,15102018270000000000, 0	
23/Nov/17,36346343542283256095,0,50289923077759000, 0	
23/Sep/18,0,0,28024342027860407421, 0	
24/Jul/18,0,0,9948100620000000000, 0	
24/Mar/19,900000000000000000,0,2100000000000000000, 0	
24/May/18,525117564856250000,0,994374230000000000, 0	
24/Nov/18,400000000000000000,0,0, 0	
24/Oct/17,325918830000000000,0,52349161332657800, 0	
25/Aug/17,121330398690833076467,0,0, 0	
25/Jun/17,0,286181120000000000,0, 0	
25/May/19,3320524640000000000,0,800000000000000000, 0	
25/Oct/18,5366408040000000000,0,50000000000000000, 0	
26/Apr/18,2200000000000000000,0,120451487044485014482, 0	
26/Aug/18,160000000000000,0,340085390000000000, 0	
26/Dec/17,63020720000000000,0,62000000000000000, 0	
26/Feb/18,2941826108753162722,0,72589497064505006050, 0	
26/Jan/18,15568860315000000000,0,932509700000000000, 0	
26/Jun/18,36166400000000000,0,65633098918531884576, 0	
26/Sep/17,17236098159095006400,0,0, 0	
27/Apr/19,900000000000000000,0,26055760000000000, 0	
27/Dec/18,0,0,10524000000000000000, 0	
27/Feb/19,590573510000000000,0,4528549080000000000, 0	
27/Jan/19,4000000000000000000,0,0, 0	
27/Jul/17,38213940342131120864,0,2415151355779667662592, 0	
27/Jun/19,0,0,6232836969022984000, 0	
27/Mar/18,0,0,66132793615148627656, 0	
27/Nov/17,10000000000000000000,0,50821898116434000, 0	
27/Sep/18,671093280000000000,0,125991532584020352294, 0	
28/Jul/18,90416000000000000,0,2365654763371044467, 0	
28/Mar/19,943818000000000000,0,39566920315247574696, 0	
28/May/18,3661370198701402000,0,12880626300000000000, 0	
28/Nov/18,0,0,8477305920000000000, 0	
28/Oct/17,2747377000000000000,0,51786066409034600, 0	
29/Aug/17,122967935057286509640,0,2163959710000000000, 0	
29/Jun/17,0,0,1245000000000000000, 0	
29/May/19,0,0,0, 0	
29/Oct/18,0,0,0, 0	
30/Apr/19,1050000000000000000,0,399546210000000000, 0	
30/Dec/18,14355633600000000000,0,5500000000000000000, 0	
30/Jan/19,0,0,298937800000000000, 0	
30/Jun/19,8516827920000000000,0,2619741600000000000, 0	
30/Mar/18,1439604030000000000,0,188677884550000000000, 0	
30/Nov/17,1574632196682332950,0,2000000000000000, 0	
30/Sep/18,0,0,429230492860603027201, 0	
31/Jul/18,5000000000000000000,0,15165291340000000000, 0	
31/Mar/19,0,0,22866000007500000000, 0	
31/May/18,7881285096000000000,0,60635813832698055082, 0	
31/Oct/17,11567221197200010000,0,888791649983175800, 0	
01/Apr/18,9366395000000000000,0,2029937000000000000, 0	
01/Aug/18,340000000000000000,0,9677430329900000000, 0	
01/Dec/17,5786677000000000000,0,50329003847007400, 0	
01/Feb/18,1928232874000000000,0,150000737865088200, 0	
01/Jan/18,39819198483500000018,0,71707523655309527, 0	
01/Jun/18,16707340409725632642,0,10702453022281130982, 0	
01/Sep/17,84188175765499979000,11148973044000000000,100500000000000000, 0	
02/Apr/19,266592960000000000,0,194344800000000000, 0	
02/Dec/18,0,0,1000000000000000000, 0	
02/Feb/19,1873200000000000000,0,2700000000000000000, 0	
02/Jan/19,4124732020000000000,0,4634701000000000, 0	
02/Jul/17,0,0,3871017690000000000, 0	
02/Jun/19,5992060519811250096,0,460337964965120, 0	
02/Mar/18,6000000000000000,0,15975382885864898526, 0	
02/Nov/17,8710318404463478952,0,159231392259263800, 0	
02/Sep/18,0,0,22505500000000000000, 0	
03/Jul/18,63958160897512353,0,90449471726799407276, 0	
03/May/18,804434800000000,0,56071483641034562310, 0	
03/Nov/18,50000000000000000,0,1604213900000000000, 0	
03/Oct/17,696531668776573479200,0,0, 0	
04/Aug/17,6824177204000000000,0,0, 0	
04/May/19,1500000000000000000,0,3043970650000000000, 0	
04/Oct/18,0,0,65611623731958130514, 0	
05/Apr/18,4881306620000000000,0,37104936571313234041, 0	
05/Aug/18,542496000000000000,0,12345154910000000000, 0	
05/Dec/17,22923714000000000,0,0, 0	
05/Feb/18,2742846387509446625,0,25243615532961204, 0	
05/Jan/18,1402937938000000000,0,168000000000000000, 0	
05/Jun/18,49265000000000000,0,9862257141917880, 0	
05/Sep/17,348579331455101397601,0,0, 0	
06/Apr/19,8450000000000000,0,55570454054546095, 0	
06/Dec/18,10000000000000000,0,10205000000000000, 0	
06/Feb/19,0,0,7316039710000000000, 0	
06/Jan/19,10020000000000000000,0,6560317820000000000, 0	
06/Jul/17,930770849331203733532,0,0, 0	
06/Jun/19,0,0,100000000000000, 0	
06/Mar/18,1000000000000000,0,29718072190000000000, 0	
06/Nov/17,26643528678429809353,0,52240555298678600, 0	
06/Sep/18,603000000000000000,0,1000000000000000000, 0	
07/Jul/18,13547645303999999999,0,59672068080000000000, 0	
07/Mar/19,0,0,2065657000000000, 0	
07/May/18,21983870870000000000,0,37340524862009440410, 0	
07/Nov/18,0,0,0, 0	
07/Oct/17,34037166519463274464,0,51294100992896800, 0	
08/Aug/17,173188606237457444319,0,0, 0	
08/May/19,0,0,2052400273009408000, 0	
08/Oct/18,677872000000000000,0,4094483742533481554, 0	
09/Apr/18,2800000000000000000,0,2721108310000000000, 0	
09/Aug/18,19580000000000000,0,8972134060000000000, 0	
09/Dec/17,51755334000000000,0,86899110000000000, 0	
09/Feb/18,11028323287000000000,0,300500000000000000, 0	
09/Jan/18,29638259161105326479,0,54730358053321000, 0	
09/Jun/18,8955605330000000000,0,41461280210000000000, 0	
09/Sep/17,11971935887325387240,0,6202198000000000000, 0	
10/Jul/18,600000000000000000,0,4766739347687835014, 0	
10/Mar/19,18891173384000000000,0,657721270000000000, 0	
10/May/18,2010020300000000,0,5766270660000000000, 0	
10/Nov/18,1875386700000000000,0,0, 0	
10/Oct/17,2151558000000000000,0,1462429300000000000, 0	
11/Aug/17,257963553867662802000,0,0, 0	
11/May/19,900630000000000000,0,4952768504526965466, 0	
11/Oct/18,126267478000000000,0,3742603984000000000, 0	
12/Apr/18,95000000000000000,0,24962592730000000000, 0	
12/Aug/18,1000000000000000000,0,5580970110000000000, 0	
12/Dec/17,3614012000000000000,0,9000000000000000, 0	
12/Feb/18,2284458120000000000,0,24000000000000000, 0	
12/Jan/18,13047694550000000000,0,113480327787706183750, 0	
12/Jun/18,20028819984000000000,0,13539214569050650527, 0	
12/Sep/17,145047802883000000000,0,1500000000000000000, 0	
13/Apr/19,156000000000000000,0,5067763220000000000, 0	
13/Dec/18,0,0,104000000000000000, 0	
13/Feb/19,11960000000000000000,0,300000000000000, 0	
13/Jan/19,0,0,0, 0	
13/Jul/17,151573624381125000000,0,0, 0	
13/Jun/19,0,0,22613166110000000000, 0	
13/Mar/18,0,0,3844115110000000000, 0	
13/Nov/17,263045162596592817917,0,151945822378324600, 0	
13/Sep/18,22550000000000000,0,17268414759022560339, 0	
14/Jul/18,1500000000000000000,0,21680930940000000000, 0	
14/Mar/19,125691040000000000,0,5624900000000000000, 0	
14/May/18,5382244360000000000,0,37871370445476904107, 0	
14/Nov/18,0,0,80000000000000000, 0	
14/Oct/17,360870420000000000,0,136496401630736000, 0	
15/Aug/17,75656429046200000000,0,0, 0	
15/Jun/17,0,0,995000000000000000, 0	
15/May/19,0,0,2397310000000000000, 0	
15/Oct/18,893030651665700000,0,17366372000000000000, 0	
16/Apr/18,3116638880000000000,0,8440892510000000000, 0	
16/Aug/18,1713300000000000000,0,25990154340000000000, 0	
16/Dec/17,9066077410000000000,0,51912843290172496, 0	
16/Feb/18,2729955115071264885,0,2671256130000000000, 0	
16/Jan/18,1739617940000000000,0,60077959070000000000, 0	
16/Jun/18,20000000000000000,0,27437913660000000000, 0	
16/Sep/17,101500960649000000000,0,4415649210400000000, 0	
17/Apr/19,0,0,0, 0	
17/Dec/18,2383000000000000000,0,112249620000000000, 0	
17/Feb/19,25130000000000000000,0,0, 0	
17/Jan/19,12000000000000000000,0,1000000000000000000, 0	
17/Jul/17,6398766428885386555,0,0, 0	
17/Jun/19,0,0,18205934670000000000, 0	
17/Mar/18,100000000000000000,0,6954682991474715792, 0	
17/Nov/17,6901400465000000000,0,50849020955064400, 0	
17/Sep/18,1355744000000000000,0,184793468948146358669, 0	
18/Jul/18,1050000000000000000,0,23305448850000000000, 0	
18/Mar/19,386581780000000000,0,1977000000000000000, 0	
18/May/18,2500000000000000000,0,24664893217392777741, 0	
18/Nov/18,0,0,550936682000000000, 0	
18/Oct/17,189113280148219542276,0,111211478937169913533, 0	
19/Aug/17,1194057854488831998952,0,0, 0	
19/Jun/17,0,4200000000000000000,0, 0	
19/May/19,1500000000000000000,0,3012028441000000000, 0	
19/Oct/18,7936930140000000000,0,48500000000000000, 0	
20/Apr/19,4600000000000000000,0,70664800000000000, 0	
20/Dec/18,1800000000000000000,0,0, 0	
20/Feb/19,0,0,0, 0	
20/Jan/19,20670340000000000000,0,0, 0	
20/Jul/17,34613538981066373370,1402199484949186112,1834948190000000000, 0	
20/Jun/19,400000000000000,0,6792872460000000000, 0	
20/Mar/18,393165390000000000,0,500000000000000000, 0	
20/May/17,90000000000000000,0,0, 0	
20/Nov/17,90122436383277702347,0,100500000000000000, 0	
20/Sep/18,362659620000000000,0,250051940584091263683, 0	
21/Jul/18,4900000000000000000,0,3270806400000000000, 0	
21/Mar/19,16139000000000000,0,1323543040000000000, 0	
21/May/18,200000000000000000,0,1489033047607215470, 0	
21/Nov/18,1000000000000000000,0,2425571380000000000, 0	
21/Oct/17,20701307176260273050,0,3985505240000000000, 0	
22/Aug/17,2353608310000000000,0,0, 0	
22/Jun/17,0,9928198000000000000,0, 0	
22/May/19,900000000000000000,0,18498204630000000000, 0	
22/Oct/18,750000000000000000,0,6015120000000000, 0	
23/Apr/18,3825693280000000000,0,42512791250000000000, 0	
23/Aug/18,900000000000000000,0,1495000000000000000, 0	
23/Dec/17,28467488000000000,0,120000000000000000, 0	
23/Feb/18,435434810000000000,0,8051306520000000000, 0	
23/Jan/18,7668688940000000000,0,23000000000000000000, 0	
23/Jun/18,5100000000000000,0,10068645590000000000, 0	
23/Sep/17,389337875000000000,0,50000000000000000, 0	
24/Apr/19,2661619149465243648,0,1452110018000000000, 0	
24/Dec/18,2900000000000000000,0,1100000000000000, 0	
24/Feb/19,40000000000000000,0,7319540000000000, 0	
24/Jan/19,0,0,7052260590000000000, 0	
24/Jul/17,0,0,600000000000000000, 0	
24/Jun/19,0,0,2400000000000000000, 0	
24/Mar/18,2311106480000000000,0,7343760000000000000, 0	
24/Nov/17,300010586305658294,0,50866514148691496, 0	
24/Sep/18,0,0,700075400425040028782, 0	
25/Jul/18,249548160000000000,0,27174830220731804661, 0	
25/Mar/19,288355000000000000,0,2702696170000000000, 0	
25/May/18,10476095120000000000,0,5481239210000000000, 0	
25/Nov/18,410000000000000000,0,0, 0	
25/Oct/17,3313346745956400000,0,51411308312780800, 0	
26/Aug/17,16248317547161455577,0,120000000000000000, 0	
26/May/19,4830000000000000000,0,14756417000000000000, 0	
26/Oct/18,0,0,0, 0	
27/Apr/18,1100000000000000000,0,506052540000000000, 0	
27/Aug/18,822000000000000000,0,1400000000000000000, 0	
27/Dec/17,74483072000000000,0,562000000000000000, 0	
27/Feb/18,250000000000000000,0,22785421580000000000, 0	
27/Jan/18,4238221802293176548,0,130127741873004800, 0	
27/Jun/18,30600000000000000000,0,31103281550000000000, 0	
27/Sep/17,3536492321211722820,0,0, 0	
28/Apr/19,7960000000000000000,0,217420000000000000, 0	
28/Dec/18,0,0,20000000000000000000, 0	
28/Feb/19,0,0,250000000000000000, 0	
28/Jan/19,900000000000000000,0,1800000000000000000, 0	
28/Jul/17,0,0,500000000000000000, 0	
28/Jun/19,12414775200000000000,0,101533191416106000, 0	
28/Mar/18,800000000000000000,0,29875010220000000000, 0	
28/Nov/17,12334635620000000000,0,254190924958148896, 0	
28/Sep/18,0,0,186978838550342606480, 0	
29/Jul/18,3616640000000000,0,23839626720000000000, 0	
29/Mar/19,335600000000000000,0,0, 0	
29/May/18,3368998160000000000,0,4494180520000000000, 0	
29/Nov/18,0,0,2260000000000000000, 0	
29/Oct/17,3287105206000000000,0,188347497547525239, 0	
30/Apr/18,8175279868200000000,0,19597375200000000000, 0	
30/Aug/18,489874000000000000,0,4062600000000000000, 0	
30/Dec/17,6348966148000000000,0,2389029670000000000, 0	
30/Jan/18,4427332031600000000,0,200000000000000000, 0	
30/Jun/18,1350000000000000000,0,51539452550000000000, 0	
30/Sep/17,5000000000000000000,0,50322078906905704, 0	
31/Dec/18,1998620000000000000,0,1600100000000000000, 0	
31/Jan/19,0,0,1020475040000000000, 0	
31/Jul/17,84770037283332056768,0,0, 0	
31/Mar/18,1000000000000000000,0,82509005418641433978, 0	
01/Aug/17,239724267500000000000,0,0, 0	
01/May/19,900000000000000000,0,1114100000000000000, 0	
01/Oct/18,685241000000000000,0,232607927613974836437, 0	
02/Apr/18,218000000000000000,0,1254811330000000000, 0	
02/Aug/18,2079183370000000000,0,80000000000000000, 0	
02/Dec/17,19138482511004419488,0,201269020280931500, 0	
02/Feb/18,3399471747824800000,0,30286500000000000, 0	
02/Jan/18,60257288153398090224,0,7851000000000000, 0	
02/Jun/18,19073382250000000000,0,24027561250000000000, 0	
02/Sep/17,20875639939791743538,9703033687136101576,0, 0	
03/Apr/19,4900000000000000000,0,1800000000000000000, 0	
03/Dec/18,0,0,6316968120000000000, 0	
03/Feb/19,1939139760000000000,0,30000000000000000, 0	
03/Jan/19,500000000000000000,0,6000000000000000000, 0	
03/Jul/17,0,0,7900000000000000000, 0	
03/Jun/19,4399076000000000000,0,0, 0	
03/Mar/18,2000000000000000,0,19762180860162289135, 0	
03/Nov/17,910000000000000000,0,100283056000000000, 0	
03/Sep/18,0,0,9000000000000000000, 0	
04/Jul/18,600000000000000000,0,253971155237912638986, 0	
04/Mar/19,0,0,0, 0	
04/May/18,9210000000000000000,0,46993594677777777777, 0	
04/Nov/18,34931168201648085,0,0, 0	
04/Oct/17,656131229000000000,0,52263331945712200, 0	
05/Aug/17,151230000000000000000,0,0, 0	
05/May/19,2400000000000000000,0,144480000000000000, 0	
05/Oct/18,0,0,3595867165064078706, 0	
06/Apr/18,5119139000000000000,0,39533140378006400000, 0	
06/Aug/18,257000000000000,0,910307428240494821, 0	
06/Dec/17,1638697743354698709,0,98646796105756304, 0	
06/Feb/18,2041578727552809404,0,3159238240000000000, 0	
06/Jan/18,12069956985008816104,0,62441000000000000, 0	
06/Jun/18,1676743492749463680,0,8709208000000000000, 0	
06/Sep/17,1236468890911328702161,0,0, 0	
07/Apr/19,2090460800000000000,0,3500733539000000000, 0	
07/Dec/18,900000000000000000,0,2413000000000000000, 0	
07/Feb/19,1830000000000000000,0,13531431060000000000, 0	
07/Jan/19,1200000000000000000,0,2900000000000000000, 0	
07/Jul/17,1387122705266510083473,0,0, 0	
07/Jun/19,2766356320000000000,0,1155762500000000000, 0	
07/Mar/18,0,0,188611732657875359426, 0	
07/Nov/17,4005000000000000000,0,50624785093564400, 0	
07/Sep/18,0,0,214830132498872726504, 0	
08/Jul/18,1068251443000000000,0,61553047360000000000, 0	
08/Mar/19,9140000000000000000,0,2390000000000000000, 0	
08/May/18,44417444107000000000,0,33392805281266875403, 0	
08/Nov/18,0,0,0, 0	
08/Oct/17,19901261940858866000,0,0, 0	
09/Aug/17,1624252612020135778140,0,0, 0	
09/May/19,0,0,208000000000000000, 0	
09/Oct/18,10009333635863693,0,18388475815476096683, 0	
10/Apr/19,900000000000000000,0,2275694112286115840, 0	
10/Dec/18,0,0,104000000000000000, 0	
10/Feb/19,4000000000000000000,0,2500000000000000, 0	
10/Jan/19,0,0,2222000000000000000, 0	
10/Jul/17,1526053609000000000000,0,0, 0	
10/Jun/19,0,0,2000000000000000, 0	
10/Mar/18,1104000000000000000,0,23887042650221027840, 0	
10/Nov/17,13626429510806193313,0,903500000000000000, 0	
10/Sep/18,0,0,64385412090483920896, 0	
11/Jul/18,257850000000000000,0,40510879870000000000, 0	
11/Mar/19,4000000000000000000,0,900000000000000000, 0	
11/May/18,17250117391789901304,0,29769574260000000000, 0	
11/Nov/18,0,0,537994680000000000, 0	
11/Oct/17,42851475195221509364,0,1050993847047953000, 0	
12/Aug/17,61728789338120000432,0,1000000000000000000, 0	
12/Jun/17,0,0,7638410120000000000, 0	
12/May/19,2390681840000000000,0,6316179870000000000, 0	
12/Oct/18,321566460000000000,0,67000000000000000, 0	
13/Apr/18,0,0,16037296882000000000, 0	
13/Aug/18,700199040000000000,0,20265951340000000000, 0	
13/Dec/17,6062728620000000000,0,80000000000000000, 0	
13/Feb/18,2989586607048202294,0,195000000000000000, 0	
13/Jan/18,48436923436587022,0,3688261630000000000, 0	
13/Jun/18,1260600000000000000,0,12403182205144897994, 0	
13/Sep/17,1962654880000000000,0,0, 0	
14/Apr/19,1576442000000000000,0,5003572000000000000, 0	
14/Dec/18,0,0,104000000000000000, 0	
14/Feb/19,13996403800000000000,0,0, 0	
14/Jan/19,127188210414675518983,0,80000000000000000, 0	
14/Jul/17,811320263026900804420,0,1000000000000000000, 0	
14/Jun/19,0,0,970000000000000000, 0	
14/Mar/18,2000000000000000,0,67972591092759948216, 0	
14/Nov/17,5078189166602894166,0,50005168679430600, 0	
14/Sep/18,0,0,103266244947693762990, 0	
15/Jul/18,894170583000000000,0,61153247790000000000, 0	
15/Mar/19,900000000000000000,0,1850000000000000000, 0	
15/May/18,6189574925000000000,0,2400000000000000000, 0	
15/Nov/18,200921000000000000,0,0, 0	
15/Oct/17,46358355266224225600,0,1681500960000000000, 0	
16/Aug/17,51374759505050000000,0,100500000000000000, 0	
16/May/19,0,0,4924256842351102186, 0	
16/Oct/18,0,0,10914000000000000000, 0	
17/Apr/18,0,0,44226593845632109421, 0	
17/Aug/18,3487648982363240001,0,3057238704000000000, 0	
17/Dec/17,9650978958000000000,0,100000000000000000, 0	
17/Feb/18,1638309000000000000,0,80389487451406800, 0	
17/Jan/18,2030289490000000000,0,15777854080000000000, 0	
17/Jun/18,340000000000000000,0,16758517000000000000, 0	
17/Sep/17,0,0,20000000000000000000, 0	
18/Apr/19,98974166025286870031,0,1100000000000000, 0	
18/Dec/18,64401820126080000000,0,1800000000000000000, 0	
18/Feb/19,2384910023849100240,0,4769820047698200480, 0	
18/Jan/19,20000000000000000000,0,4016298580000000000, 0	
18/Jul/17,36380638527000000000,13640000000000000000,0, 0	
18/Jun/19,0,0,3834536410000000000, 0	
18/Mar/18,2145002145002145,0,7107716820000000000, 0	
18/Nov/17,193064600714094791897,0,150762124988541696, 0	
18/Sep/18,10000000000000000,0,340842244997612650729, 0	
19/Jul/18,0,0,6005088660000000000, 0	
19/Mar/19,8000000000000000000,0,4879406000000000000, 0	
19/May/18,10255536000000000,0,8955619300483797008, 0	
19/Nov/18,0,0,1051977920883164674, 0	
19/Oct/17,6543331337586311426,0,95803921167927942200, 0	
20/Apr/18,21395980000000000000,0,6999474800000000000, 0	
20/Aug/18,0,0,1700000000000000000, 0	
20/Dec/17,1068165856507427560,0,0, 0	
20/Feb/18,1930780620000000000,0,43549139000000000000, 0	
20/Jan/18,34620586825606279600,0,1700000000000000000, 0	
20/Jun/18,3002000000000000000,0,22570330890464616694, 0	
20/Sep/17,627055600000000000,0,2000000000000000000, 0	
21/Apr/19,1201417939000000000,0,70000000000000000, 0	
21/Dec/18,4155807220000000000,0,0, 0	
21/Feb/19,60000000000000000,0,1847797740000000000, 0	
21/Jan/19,0,0,2001000000000000000, 0	
21/Jul/17,900000000000000000,0,0, 0	
21/Jun/19,0,0,99935760000000000, 0	
21/Mar/18,400000000000000000,0,61706244964266082803, 0	
21/Nov/17,175288408139165126558,0,1323000000000000, 0	
21/Sep/18,6000000000000000000,0,147283094243656816008, 0	
22/Jul/18,36711190000000000,0,24115844498022400, 0	
22/Mar/19,0,0,250000000000000000, 0	
22/May/18,3607690489466000,0,34336718660000000000, 0	
22/Nov/18,0,0,0, 0	
22/Oct/17,19664785430553095580,0,1000000000000000000, 0	
23/Aug/17,43371619594151516102,0,6086387930000000000, 0	
23/May/19,1980000000000000000,0,5803859970000000000, 0	
23/Oct/18,2439384000000000000,0,2210000000000000000, 0	
24/Apr/18,4643008000000000000,0,46106493456211629386, 0	
24/Aug/18,2848426710000000000,0,6636403400000000000, 0	
24/Dec/17,3046190400000000000,0,50987744487532504, 0	
24/Feb/18,6363975000000000,0,10088885979000000000, 0	
24/Jan/18,9499478694000000000,0,190521000000000000, 0	
24/Jun/18,1000000000000000,0,99923715881000000000, 0	
24/Sep/17,1000000000000000000,0,0, 0	
25/Apr/19,0,0,3000100000000000000, 0	
25/Dec/18,5664298920000000000,0,4023700000000000000, 0	
25/Feb/19,220000000000000000,0,680000000000000, 0	
25/Jan/19,0,0,100318710000000000, 0	
25/Jul/17,188576945016032807,0,4700000000000000000, 0	
25/Jun/19,0,0,4988754360000000000, 0	
25/Mar/18,9516270650000000000,0,5500000000000000000, 0	
25/Nov/17,77404034950807276642,0,51112600505849600, 0	
25/Sep/18,0,0,166646467600640573145, 0	
26/Jul/18,626355268000000000,0,3000300000000000000, 0	
26/Mar/19,0,0,6000000000000000, 0	
26/May/18,10330557777777777,0,6284900680000000000, 0	
26/Nov/18,43341397700000000000,0,0, 0	
26/Oct/17,16518704961137468978,0,51193169912320096, 0	
27/Aug/17,19800164690899866866,0,0, 0	
27/May/19,0,0,29233901540000000000, 0	
27/Oct/18,2000000000000000000,0,1120000000000, 0	
28/Apr/18,4787579103007000,0,71103488315000000000, 0	
28/Aug/18,2000000000000000000,0,561000000000000000, 0	
28/Dec/17,5585332060000000000,0,124060000000000000, 0	
28/Feb/18,490000000000000000,0,18216337900000000000, 0	
28/Jan/18,36029669119196843563,0,2155153100000000000, 0	
28/Jun/18,21765211718512499700,0,8187679339999999956, 0	
28/Sep/17,557602970000000000,0,50000000000000000, 0	
29/Apr/19,0,0,3213480000000000000, 0	
29/Dec/18,960000000000000000,0,2010000000000000000, 0	
29/Jan/19,2700000000000000000,0,5404724110000000000, 0	
29/Jul/17,369020000000000000,0,0, 0	
29/Jun/19,436938000000000000,0,5460000000000000000, 0	
29/Mar/18,578219190000000000,0,35510470000000000000, 0	
29/Nov/17,18592740000000000,0,180579052719394496, 0	
29/Sep/18,0,0,90112544500429038923, 0	
30/Aug/17,3592853547000000000,13431187700000000000,0, 0	
30/May/19,900000000000000000,0,5369284289682014851, 0	
30/Oct/18,0,0,2546771820000000000, 0	
31/Aug/18,74185217616648700,0,640000000000000000, 0	
31/Dec/17,9112500416000000000,0,13877902216300983, 0	
31/Jan/18,4995987747487115082,0,15970725418517239441, 0	
