Date,Timestamp,Price,Open,High,Low,Vol
14/12/2020,1607904000,585.32,590.66,591.41,576.01,1.86
13/12/2020,1607817600,591.09,568.07,594.83,563.37,2.03
12/12/2020,1607731200,567.78,544.16,573.59,543.9,1.62
11/12/2020,1607644800,544.17,558.15,560.28,536.43,30.17
10/12/2020,1607558400,558.13,573.28,575.56,548.99,19.6
09/12/2020,1607472000,573.21,554.95,577.94,530.88,9.1
08/12/2020,1607385600,555.05,591.03,594.78,551.08,8.11
07/12/2020,1607299200,591.09,601.54,603.06,584.53,7.72
06/12/2020,1607212800,601.68,596.61,606.9,583.67,13.14
05/12/2020,1607126400,596.68,567.84,596.73,561.24,30.83
04/12/2020,1607040000,567.91,616.33,619.61,566.34,48.95
03/12/2020,1606953600,616.32,597.94,622.1,587.15,24
02/12/2020,1606867200,598.05,585.69,604.34,575.24,16.21
01/12/2020,1606780800,585.66,616.78,635.66,567.79,49.42
30/11/2020,1606694400,615.92,575.35,615.97,571.04,51.72
29/11/2020,1606608000,575.45,537.89,576.52,530.71,5.79
28/11/2020,1606521600,537.74,518.7,547.94,506.97,5.34
27/11/2020,1606435200,518.11,519.69,530.41,494.65,6.42
26/11/2020,1606348800,519.32,569.69,577.08,484.03,13.11
25/11/2020,1606262400,569.67,605.01,605.63,555.32,14.5
24/11/2020,1606176000,605.03,609.2,621.7,589.56,41.11
23/11/2020,1606089600,609.22,559.37,610.33,551.8,49.68
22/11/2020,1606003200,559.4,551.9,580,514.44,36.76
21/11/2020,1605916800,551.91,509.94,552.13,505.14,26.86
20/11/2020,1605830400,509.98,471.27,513.06,471.06,30.85
19/11/2020,1605744000,471.21,478.55,480.55,465.41,12.53
18/11/2020,1605657600,478.52,482.05,495.04,459.92,18.19
17/11/2020,1605571200,481.95,460.37,484.59,459.74,7.93
16/11/2020,1605484800,460.43,448.18,465.97,445.82,5.62
15/11/2020,1605398400,448.23,460.75,462.93,440.44,9.34
14/11/2020,1605312000,460.7,476.38,477.34,452.6,9.17
13/11/2020,1605225600,476.29,462.61,477.78,457.65,9.85
12/11/2020,1605139200,462.56,463.33,469.57,452.44,9.33
11/11/2020,1605052800,463.33,450.26,476.08,449.51,15.13
10/11/2020,1604966400,450.22,444.38,454.43,439.5,20.76
09/11/2020,1604880000,444.33,454.55,458.51,434.95,28.85
08/11/2020,1604793600,454.68,435.39,460.09,432.44,4.82
07/11/2020,1604707200,435.4,455.78,467.88,425.57,7.78
06/11/2020,1604620800,455.72,416.59,457.79,415.08,6.53
05/11/2020,1604534400,416.63,402.5,419.94,396.46,7.04
04/11/2020,1604448000,402.19,388.23,407.9,377.22,6.17
03/11/2020,1604361600,387.92,383.64,389.98,370.96,6.73
02/11/2020,1604275200,383.53,396.45,404.04,379.13,9.43
01/11/2020,1604188800,396.29,386.36,397.32,384.94,5.52
31/10/2020,1604102400,386.42,382.81,394.01,380.53,6.42
30/10/2020,1604016000,382.41,387.16,391.98,374.36,2.81
29/10/2020,1603929600,386.76,388.25,393.33,381.53,3.04
28/10/2020,1603843200,388.14,403.11,408.1,381.51,9.96
27/10/2020,1603756800,403.15,393.93,409.85,390.92,6.29
26/10/2020,1603670400,394.11,406.45,410.41,383.21,9.06
25/10/2020,1603584000,406.09,412.44,417.07,403.95,3.05
24/10/2020,1603497600,411.92,408.59,416.28,407.74,2.68
23/10/2020,1603411200,408.52,414.12,419.11,402.91,8.18
22/10/2020,1603324800,414.05,391.39,420.12,391.21,12.65
21/10/2020,1603238400,391.2,368.53,400.36,368.06,13.61
20/10/2020,1603152000,368.35,379.03,380.14,367.16,7.46
19/10/2020,1603065600,379.19,377.85,383.97,372.72,6.85
18/10/2020,1602979200,377.81,368.61,378.49,367.54,4.68
17/10/2020,1602892800,368.63,365.08,369.94,363.18,4.98
16/10/2020,1602806400,365.17,377.6,379.6,362.65,7.59
15/10/2020,1602720000,377.45,378.96,380.77,370.39,7.93
14/10/2020,1602633600,379.15,381.13,387.11,373.62,8.08
13/10/2020,1602547200,381.23,386.64,387.06,374.57,7.92
12/10/2020,1602460800,386.68,374.39,394.58,366.05,10.39
11/10/2020,1602374400,374.19,370.28,377.27,369.23,5.22
10/10/2020,1602288000,370.16,365.25,377.97,364.57,7.17
09/10/2020,1602201600,365.28,350.71,368.19,347.82,7.85
08/10/2020,1602115200,350.83,341.66,352.95,334.79,6.85
07/10/2020,1602028800,341.48,340.59,342.68,334.11,5.77
06/10/2020,1601942400,340.61,353.53,354.9,337.21,7.32
05/10/2020,1601856000,353.28,352.69,354.86,348.76,4.96
04/10/2020,1601769600,352.73,345.6,353.97,344.03,4.77
03/10/2020,1601683200,345.6,345.78,351.04,343.74,4.48
02/10/2020,1601596800,345.68,353.06,353.61,335.91,7.27
01/10/2020,1601510400,353.07,359.5,369.1,345.66,7.93
30/09/2020,1601424000,359.39,359.77,360.94,352.81,5.43
29/09/2020,1601337600,359.86,353.97,360.66,351.48,6.26
28/09/2020,1601251200,354.08,357.42,367.63,352.57,7.77
27/09/2020,1601164800,357.23,354.26,362,347.51,6.35
26/09/2020,1601078400,354.25,351.62,355.87,346.95,6.48
25/09/2020,1600992000,351.63,349.13,357.8,338.01,8.47
24/09/2020,1600905600,349.17,319.97,352.6,317.27,9.4
23/09/2020,1600819200,319.95,343.96,344.12,315.54,13.88
22/09/2020,1600732800,344.03,341.32,346.19,336.15,9.29
21/09/2020,1600646400,341.3,371.09,375.34,331.41,11.41
20/09/2020,1600560000,371.12,385.33,385.39,365.48,7.3
19/09/2020,1600473600,385.25,384.25,386.99,377.63,6.74
18/09/2020,1600387200,384.2,389.37,392.21,375.81,8.95
17/09/2020,1600300800,388.97,364.75,393.96,363.54,12.85
16/09/2020,1600214400,364.88,363.91,372.88,355.18,9.06
15/09/2020,1600128000,364.01,376.7,381.67,362.4,9.06
14/09/2020,1600041600,376.7,365.89,383.99,357.54,10.34
13/09/2020,1599955200,365.71,388.06,389.51,353.85,10.38
12/09/2020,1599868800,387.98,373.74,388.12,366.05,11.49
11/09/2020,1599782400,373.72,367.89,374.41,356.38,12.53
10/09/2020,1599696000,367.92,351.1,376.92,350.86,16.5
09/09/2020,1599609600,351.1,337.46,358.33,331.12,14.07
08/09/2020,1599523200,337.46,352.06,355.69,326.66,18.98
07/09/2020,1599436800,352.06,353.49,357.33,325.47,21.69
06/09/2020,1599350400,353.49,334.91,358.09,316.69,20.13
05/09/2020,1599264000,334.91,385.94,394.12,314.13,35.32
04/09/2020,1599177600,385.94,381.97,399.58,368.22,25.2
03/09/2020,1599091200,381.97,439.14,466.4,376.99,33.59
02/09/2020,1599004800,439.08,475.72,480.96,423.26,30.14
01/09/2020,1598918400,475.8,433.89,488.24,429.65,10.42
31/08/2020,1598832000,433.9,428.81,438.71,418.35,7.89
30/08/2020,1598745600,428.86,398.8,429.59,398.47,6.67
29/08/2020,1598659200,398.8,395.32,405.53,391.97,5.23
28/08/2020,1598572800,395.11,383.16,397.64,379.8,6.16
27/08/2020,1598486400,383.11,385.96,396.48,372.53,7.03
26/08/2020,1598400000,385.96,383.16,392.61,377.63,6.69
25/08/2020,1598313600,383.2,407.64,409.02,370.4,8.28
24/08/2020,1598227200,407.7,390.81,410.17,387.62,6.69
23/08/2020,1598140800,390.5,395.56,396.96,383.42,5.36
22/08/2020,1598054400,395.56,388.06,396.87,379.96,6.73
21/08/2020,1597968000,387.99,416.05,418.72,385.21,7.62
20/08/2020,1597881600,416.05,407.39,418.92,402.8,6.23
19/08/2020,1597795200,407.44,422.1,426.65,394.51,8.44
18/08/2020,1597708800,422.16,430.63,433.65,415.45,8.18
17/08/2020,1597622400,430.56,433.62,444.86,420.71,7.83
16/08/2020,1597536000,433.63,432.22,436.58,413.22,7.02
15/08/2020,1597449600,432.18,438.04,442.7,428.75,7.27
14/08/2020,1597363200,438.03,424.28,443.74,418.37,8.67
13/08/2020,1597276800,424.31,387.15,430.33,377.57,12.04
12/08/2020,1597190400,387.12,379.03,389.21,367.05,8.59
11/08/2020,1597104000,379.01,395.52,398.13,367.38,9.44
10/08/2020,1597017600,395.53,390.22,399.05,386.45,8.01
09/08/2020,1596931200,390.23,396.78,399.93,384.31,4.97
08/08/2020,1596844800,396.76,379.57,396.77,376.38,4.94
07/08/2020,1596758400,379.57,394.8,398.14,366.44,8.34
06/08/2020,1596672000,394.83,400.8,403.18,391.67,7.92
05/08/2020,1596585600,400.79,389.62,406.92,384.84,8.74
04/08/2020,1596499200,389.62,385.86,402.01,381.3,9.84
03/08/2020,1596412800,385.8,372.26,397.73,368.46,9.92
02/08/2020,1596326400,372.08,387.15,415.08,335.76,16.38
01/08/2020,1596240000,387.14,346.48,392.37,343.33,11.03
31/07/2020,1596153600,346.51,334.84,349.34,329.02,8.69
30/07/2020,1596067200,334.87,317.79,341.11,314.83,9.07
29/07/2020,1595980800,317.82,316.95,324.93,312.64,8.72
28/07/2020,1595894400,316.96,321.82,326.53,306.4,9.91
27/07/2020,1595808000,321.8,311.12,332.57,311.04,13.73
26/07/2020,1595721600,311.13,305.32,318.54,300.33,9.19
25/07/2020,1595635200,305.32,279.33,308.57,279.33,8.59
24/07/2020,1595548800,279.33,275.33,287.01,268.54,7.17
23/07/2020,1595462400,275.34,263.29,279.53,260.7,8.79
22/07/2020,1595376000,263.28,245.54,266.42,241.89,6.68
21/07/2020,1595289600,245.53,236.1,246.49,235.67,6.29
20/07/2020,1595203200,236.1,239.03,239.71,234.51,5.36
19/07/2020,1595116800,239.01,235.72,239.7,233.35,6.61
18/07/2020,1595030400,235.75,232.77,236.83,232.4,5.79
17/07/2020,1594944000,232.75,233.65,234.53,231.84,5.88
16/07/2020,1594857600,233.65,238.62,239.47,230.44,6.63
15/07/2020,1594771200,238.62,240.49,241.36,237.04,7.35
14/07/2020,1594684800,240.5,239.75,242.08,237.21,7.07
13/07/2020,1594598400,239.73,242.84,245.04,237.71,8.32
12/07/2020,1594512000,242.75,239.2,243.79,236.91,6.81
11/07/2020,1594425600,239.2,241.21,241.64,237.76,6.42
10/07/2020,1594339200,241.26,242.01,242.17,236.19,6.84
09/07/2020,1594252800,242.02,246.93,247.63,238.28,9.02
08/07/2020,1594166400,246.99,239.26,248.76,238,12.98
07/07/2020,1594080000,239.25,241.56,243.43,234.92,6.26
06/07/2020,1593993600,241.56,227.95,241.64,227.1,9.45
05/07/2020,1593907200,227.98,229.09,229.8,223.79,5.41
04/07/2020,1593820800,229.15,225.09,230.4,224.8,5.45
03/07/2020,1593734400,225.12,226.42,228.14,224.77,5.2
02/07/2020,1593648000,226.42,230.96,232.04,223.53,7.28
01/07/2020,1593561600,230.95,225.61,232.47,224.33,6.31
30/06/2020,1593475200,225.63,227.88,228.57,223.23,5.6
29/06/2020,1593388800,227.87,225.09,229.83,221.6,6.8
28/06/2020,1593302400,225.09,221.07,227.74,218.46,5.91
27/06/2020,1593216000,221.06,229.72,231.3,217.11,7.21
26/06/2020,1593129600,229.67,232.57,233.5,228.16,6.96
25/06/2020,1593043200,232.56,234.75,235.29,227.99,6.48
24/06/2020,1592956800,234.75,243.2,249.23,231.56,9.13
23/06/2020,1592870400,243.2,243.24,244.77,240.94,5.16
22/06/2020,1592784000,243.25,228.11,246.39,227.69,7.93
21/06/2020,1592697600,228.13,228.87,231.18,227.38,4.1
20/06/2020,1592611200,228.86,229.11,230.96,226.28,4.54
19/06/2020,1592524800,229.11,231.34,231.94,226.97,5.56
18/06/2020,1592438400,231.34,233.85,234.69,228.13,4.96
17/06/2020,1592352000,233.88,235.37,236.55,228.63,5.94
16/06/2020,1592265600,235.36,230.92,235.95,228.99,7.03
15/06/2020,1592179200,230.93,231.99,233.34,219.06,10.18
14/06/2020,1592092800,232.02,238.23,238.48,230.52,5.78
13/06/2020,1592006400,238.22,237.55,238.61,234.86,5.27
12/06/2020,1591920000,237.54,230.72,239.23,228.62,7.34
11/06/2020,1591833600,230.71,247.79,249.77,227.01,12.4
10/06/2020,1591747200,247.78,243.82,249.51,242.54,7.63
09/06/2020,1591660800,243.82,246.19,249.45,240.18,6.86
08/06/2020,1591574400,246.18,244.56,247.11,241.3,6.55
07/06/2020,1591488000,244.56,242,244.94,235.44,8.1
06/06/2020,1591401600,242,240.27,244.43,238.38,6.62
05/06/2020,1591315200,240.23,243.37,247.5,239.7,7.75
04/06/2020,1591228800,243.37,244.53,246.41,236.68,8.75
03/06/2020,1591142400,244.52,237.9,244.76,233.84,8.15
02/06/2020,1591056000,237.94,248.01,253.21,227.95,12.69
01/06/2020,1590969600,247.97,231.8,249.81,230.85,11.97
31/05/2020,1590883200,231.81,243.63,245.33,230.31,12.43
30/05/2020,1590796800,243.63,220.66,246.55,218.86,14.34
29/05/2020,1590710400,220.66,220.14,224.52,217.84,12.36
28/05/2020,1590624000,220.18,208.2,220.33,204.79,12.51
27/05/2020,1590537600,208.18,200.99,208.18,200.85,10.28
26/05/2020,1590451200,201,204.13,204.9,197.3,10.44
25/05/2020,1590364800,204.13,199.99,205.52,198.57,10.63
24/05/2020,1590278400,199.97,206.65,210.4,199.97,11.89
23/05/2020,1590192000,206.62,207.35,211.03,204.97,9.91
22/05/2020,1590105600,207.35,198.75,209.04,196.68,12.13
21/05/2020,1590019200,198.75,210,211.58,192.11,14.36
20/05/2020,1589932800,209.99,214.52,215.28,207.03,12.19
19/05/2020,1589846400,214.51,214.88,215.75,209.79,13.96
18/05/2020,1589760000,214.87,207,217,207,17.73
17/05/2020,1589673600,207,200.51,209.79,199.77,15.78
16/05/2020,1589587200,200.51,194.85,203.12,193.48,15.52
15/05/2020,1589500800,194.85,203.29,204.02,192.61,16.62
14/05/2020,1589414400,203.3,199.58,205.82,196.21,20.75
13/05/2020,1589328000,199.58,189.82,200.82,188.59,17.47
12/05/2020,1589241600,189.84,185.82,192.04,185.68,15.58
11/05/2020,1589155200,185.96,187.77,193.26,177.43,26.74
10/05/2020,1589068800,187.78,210.19,210.19,180.7,35.98
09/05/2020,1588982400,210.22,211.47,214.5,208.83,20.9
08/05/2020,1588896000,211.45,212,216.44,207.25,23.08
07/05/2020,1588809600,212,199.05,214,197.36,26.71
06/05/2020,1588723200,199.04,205.36,210.62,198.79,24.03
05/05/2020,1588636800,205.36,206.59,211.33,201.75,21.05
04/05/2020,1588550400,206.61,209.85,210.63,195.25,27.21
03/05/2020,1588464000,209.83,213.96,218.74,205.5,23.12
02/05/2020,1588377600,213.96,212,215.15,210.51,18.31
01/05/2020,1588291200,212,206.23,216.99,206.06,23.08
30/04/2020,1588204800,206.22,215.42,227.05,202.59,35.46
29/04/2020,1588118400,215.4,196.55,218.32,196.45,32.87
28/04/2020,1588032000,196.55,196.13,197.51,192.47,21.81
27/04/2020,1587945600,196.14,197.35,198.8,190.87,23.33
26/04/2020,1587859200,197.35,194.01,199.3,192.52,23.13
25/04/2020,1587772800,194.01,187.57,197.35,186.03,21.87
24/04/2020,1587686400,187.58,185.48,189.33,185.19,19.84
23/04/2020,1587600000,185.46,182.72,192.4,178.54,28.73
22/04/2020,1587513600,182.72,170.79,183.71,169.93,23.81
21/04/2020,1587427200,170.79,170.37,174.48,168.31,23.63
20/04/2020,1587340800,170.4,180.12,186.24,167.51,33.68
19/04/2020,1587254400,180.13,187.47,188.23,177.24,23.27
18/04/2020,1587168000,187.45,170.63,189.22,170.61,24.75
17/04/2020,1587081600,170.63,172.32,174.52,168.55,20.05
16/04/2020,1586995200,172.31,152.9,174.28,148.91,32.99
15/04/2020,1586908800,152.9,158.43,161.06,152.44,20.7
14/04/2020,1586822400,158.45,156.36,161.57,155.52,21.2
13/04/2020,1586736000,156.38,158.76,158.85,150.6,25.3
12/04/2020,1586649600,158.73,158.18,164.75,155.17,22.6
11/04/2020,1586563200,158.18,157.85,161.37,154.01,19.07
10/04/2020,1586476800,157.86,169.67,170.1,152.52,28.35
09/04/2020,1586390400,169.68,173.01,173.2,165.91,20.66
08/04/2020,1586304000,173,164.71,174.23,163.73,24.31
07/04/2020,1586217600,164.71,171.07,175.78,162.75,35.79
06/04/2020,1586131200,171.06,142.58,171.24,142.55,37.89
05/04/2020,1586044800,142.58,144.03,145.26,140.84,18.17
04/04/2020,1585958400,144.01,141.13,145.71,139.36,19.75
03/04/2020,1585872000,141.14,141.29,146.46,138.01,23.34
02/04/2020,1585785600,141.3,135.65,148.91,135.26,29.42
01/04/2020,1585699200,135.66,132.88,136.56,128.93,19.45
31/03/2020,1585612800,132.86,132.15,135.14,130.54,17.3
30/03/2020,1585526400,132.15,125.24,134.72,125.02,20.71
29/03/2020,1585440000,125.24,131.02,131.74,124.84,16.33
28/03/2020,1585353600,131.03,131.74,132.68,125.48,21.03
27/03/2020,1585267200,131.74,138.38,140.99,131.09,18.18
26/03/2020,1585180800,138.38,136.08,139.22,133.69,17.71
25/03/2020,1585094400,136.07,138.59,141.88,133.06,24.15
24/03/2020,1585008000,138.62,136,142.9,132.67,27.1
23/03/2020,1584921600,136.02,122.46,136.93,120.2,28.62
22/03/2020,1584835200,122.41,132.59,136.86,121.37,25.25
21/03/2020,1584748800,132.58,133.32,137.33,126.01,27
20/03/2020,1584662400,133.32,135.43,151.85,118.07,38.74
19/03/2020,1584576000,135.43,117.76,141.05,115.59,33.78
18/03/2020,1584489600,117.77,115.95,117.91,110.16,25.8
17/03/2020,1584403200,116.06,111.06,120.6,109.67,27.09
16/03/2020,1584316800,111.02,124.35,124.38,102.44,40.25
15/03/2020,1584230400,124.35,122.67,132.13,120.93,26.24
14/03/2020,1584144000,122.69,134.02,134.58,121.27,26.83
13/03/2020,1584057600,133.99,107.87,138.86,88.5,60.7
12/03/2020,1583971200,107.9,194.57,195.4,102.83,53.51
11/03/2020,1583884800,194.58,200.61,202.96,182.15,21.26
10/03/2020,1583798400,200.56,202.88,205.62,196.17,21.87
09/03/2020,1583712000,202.85,199.21,208.23,190.73,30.27
08/03/2020,1583625600,199.16,237.3,237.3,196.71,24.76
07/03/2020,1583539200,237.32,244.87,251.55,236.87,16.9
06/03/2020,1583452800,244.9,228.46,244.98,227.71,17.74
05/03/2020,1583366400,228.45,224.36,233.96,224.34,17.82
04/03/2020,1583280000,224.38,223.94,228.66,220.74,14.65
03/03/2020,1583193600,223.94,231.9,232.37,220.34,18.48
02/03/2020,1583107200,231.87,217.96,234.24,216.23,18.12
01/03/2020,1583020800,217.99,217.51,227.44,213,17.17
29/02/2020,1582934400,217.52,226.94,232.87,217.43,16.34
28/02/2020,1582848000,226.93,227.6,234.55,214.47,24.11
27/02/2020,1582761600,227.53,224.3,238.07,210.36,28.83
26/02/2020,1582675200,224.3,246.97,250.05,216.39,29.55
25/02/2020,1582588800,246.96,265.63,266.17,245.75,20.31
24/02/2020,1582502400,265.65,274.72,276.81,258.15,19.96
23/02/2020,1582416000,274.72,261.65,275.3,261.24,16.04
22/02/2020,1582329600,261.64,265.14,266.71,256.97,13.4
21/02/2020,1582243200,265.11,257.32,267.8,254.15,17.46
20/02/2020,1582156800,257.39,259.07,264.22,246.46,22.07
19/02/2020,1582070400,259.12,282.33,285.75,253.88,20.76
18/02/2020,1581984000,282.26,267.71,285.59,259.3,24.15
17/02/2020,1581897600,267.63,259.92,268.45,242.11,25.61
16/02/2020,1581811200,259.99,264.87,273.81,237.89,24.82
15/02/2020,1581724800,264.87,285.17,287.93,262.45,22.26
14/02/2020,1581638400,285.25,268.71,286.34,260.78,19.99
13/02/2020,1581552000,268.75,265.59,277.39,257.09,25.05
12/02/2020,1581465600,265.58,236.75,274.89,236.73,23.79
11/02/2020,1581379200,236.76,222.94,238.61,218.22,17.39
10/02/2020,1581292800,222.95,228.61,229.28,217.02,16.5
09/02/2020,1581206400,228.59,223.23,230.38,223.07,14.28
08/02/2020,1581120000,223.23,223.47,227.55,213.75,15.98
07/02/2020,1581033600,223.51,213.15,224.53,213.14,16.73
06/02/2020,1580947200,213.16,203.84,216.14,201.29,16.44
05/02/2020,1580860800,203.83,188.94,207.51,188.26,14.67
04/02/2020,1580774400,188.93,189.8,191.48,188.93,11.56
03/02/2020,1580688000,189.79,188.48,194.92,187.16,11.95
02/02/2020,1580601600,188.5,183.58,193.25,179.49,14.54
01/02/2020,1580515200,183.64,179.88,184.17,179.36,13.24
31/01/2020,1580428800,179.91,184.6,185.67,175.46,11.77
30/01/2020,1580342400,184.59,173.86,186.76,171.2,13.02
29/01/2020,1580256000,173.86,175.78,178.41,173.76,11.27
28/01/2020,1580169600,175.74,170.27,176.06,170.27,12.63
27/01/2020,1580083200,170.27,167.91,171.97,165.45,12.54
26/01/2020,1579996800,167.9,160.4,168,159.55,9.82
25/01/2020,1579910400,160.44,162.56,162.72,157.87,9.63
24/01/2020,1579824000,162.55,162.8,164.27,155.65,14.88
23/01/2020,1579737600,162.8,168.15,168.25,159.78,14.86
22/01/2020,1579651200,168.13,169.41,171.27,166.19,11.3
21/01/2020,1579564800,169.41,166.87,169.79,165.53,11.52
20/01/2020,1579478400,166.87,166.92,169.24,161.61,11.3
19/01/2020,1579392000,166.92,174.17,177.77,162.04,15.84
18/01/2020,1579305600,174.19,170.18,179.29,165.34,17.42
17/01/2020,1579219200,170.22,164.39,173.96,162.33,18.57
16/01/2020,1579132800,164.36,166.44,167.18,159.08,16.24
15/01/2020,1579046400,166.45,166.07,166.45,159.74,16.66
14/01/2020,1578960000,166.07,143.59,169.73,143.59,22.85
13/01/2020,1578873600,143.6,146.5,146.87,142.64,10.26
12/01/2020,1578787200,146.46,142.65,146.46,142,10.01
11/01/2020,1578700800,142.67,144.81,147.68,142.23,12.46
10/01/2020,1578614400,144.81,137.93,144.86,135.69,13.37
09/01/2020,1578528000,137.92,140.8,141.6,135.85,11.38
08/01/2020,1578441600,140.81,143.01,147.55,137.61,13.71
07/01/2020,1578355200,143.04,144.09,145.13,139.22,13.58
06/01/2020,1578268800,144.08,135.59,144.27,135.17,14.36
05/01/2020,1578182400,135.59,134.32,138.33,134.32,12.19
04/01/2020,1578096000,134.33,134.3,135.57,132.76,11.16
03/01/2020,1578009600,134.27,127.19,134.86,126.05,15.67
02/01/2020,1577923200,127.19,130.75,130.77,126.74,11.45
01/01/2020,1577836800,130.75,129.21,132.97,128.81,10.35
31/12/2019,1577750400,129.21,131.87,133.53,128.27,12.89
30/12/2019,1577664000,131.83,134.4,136.16,130.91,12.47
29/12/2019,1577577600,134.4,128.35,137.74,127.67,15.69
28/12/2019,1577491200,128.35,126.4,129.73,125.98,12.13
27/12/2019,1577404800,126.41,125.92,127.04,123.18,12.25
26/12/2019,1577318400,125.93,125.24,132.12,124.53,15.55
25/12/2019,1577232000,125.24,128.05,128.17,124.18,13.23
24/12/2019,1577145600,128.05,128.07,129.77,127.07,11.44
23/12/2019,1577059200,128.08,132.2,134.92,126.55,14.73
22/12/2019,1576972800,132.19,127.61,133.04,127.09,13.67
21/12/2019,1576886400,127.61,128.69,128.79,126.85,9.64
20/12/2019,1576800000,128.7,128.42,129.66,126.31,12.29
19/12/2019,1576713600,128.42,132.93,133.9,126.12,14.22
18/12/2019,1576627200,132.92,122.06,133.93,117.14,20.23
17/12/2019,1576540800,122.06,132.78,132.96,120.63,17.04
16/12/2019,1576454400,132.78,142.55,142.75,131,17.6
15/12/2019,1576368000,142.53,142.03,143.87,140.3,11.31
14/12/2019,1576281600,142.03,144.95,145.17,141.4,11.15
13/12/2019,1576195200,144.96,145.04,145.43,143.51,10.95
12/12/2019,1576108800,145.03,143.51,145.82,140,12.23
11/12/2019,1576022400,143.51,145.88,146.57,142.53,10.93
10/12/2019,1575936000,145.86,147.88,148.48,144.49,11.12
09/12/2019,1575849600,147.88,151.17,151.75,147.02,9.67
08/12/2019,1575763200,151.17,148.25,152.22,147.09,9.28
07/12/2019,1575676800,148.28,148.88,149.76,147.54,8.11
06/12/2019,1575590400,148.89,148.7,149.36,147.01,8.77
05/12/2019,1575504000,148.69,145.79,149.08,144.64,9.99
04/12/2019,1575417600,145.79,147.81,151.02,143.95,12.85
03/12/2019,1575331200,147.82,148.89,149.84,146.56,8.73
02/12/2019,1575244800,148.89,151.06,151.63,147.49,9.18
01/12/2019,1575158400,151.04,151.93,152.33,146.26,9.91
30/11/2019,1575072000,151.95,154.57,155.19,150.45,8.79
29/11/2019,1574985600,154.55,151.07,157.27,150.64,10.49
28/11/2019,1574899200,151.07,152.71,154.68,149.71,9.66
27/11/2019,1574812800,152.7,147.6,155.43,141.91,13.34
26/11/2019,1574726400,147.61,145.88,149.81,144.04,10.84
25/11/2019,1574640000,145.9,140.58,151.26,131.78,17.98
24/11/2019,1574553600,140.66,152.46,153.24,139.79,11.39
23/11/2019,1574467200,152.46,149.79,154.25,146.6,11.84
22/11/2019,1574380800,149.8,161.46,163.06,139.13,21.12
21/11/2019,1574294400,161.46,174.96,175.91,158.55,13.36
20/11/2019,1574208000,174.96,176.09,177.42,173.99,8.39
19/11/2019,1574121600,176.09,178.49,178.7,173.48,9.11
18/11/2019,1574035200,178.5,184.19,184.33,176.08,9.57
17/11/2019,1573948800,184.18,182.39,185.97,180.49,8.57
16/11/2019,1573862400,182.42,180.19,183.46,179.53,7.62
15/11/2019,1573776000,180.19,185.24,186.1,178.29,11.86
14/11/2019,1573689600,185.25,188.36,188.91,183.96,9.57
13/11/2019,1573603200,188.36,187,189.45,185.7,7.77
12/11/2019,1573516800,186.99,185.09,187.44,183.24,9.35
11/11/2019,1573430400,185.09,188.98,190.17,184.32,10.26
10/11/2019,1573344000,188.99,184.96,191.28,183.55,10.95
09/11/2019,1573257600,184.96,184.02,185.73,182.86,8.31
08/11/2019,1573171200,184.03,186.95,188.35,181.83,11.71
07/11/2019,1573084800,186.94,191.28,192.27,185.48,11.49
06/11/2019,1572998400,191.28,188.66,194.11,188.13,11.72
05/11/2019,1572912000,188.67,185.86,191.45,183.12,11.78
04/11/2019,1572825600,185.85,181.72,188.27,180.69,11.89
03/11/2019,1572739200,181.7,183.01,184.51,179.46,10.41
02/11/2019,1572652800,183.01,183.12,185.18,181.94,8.71
01/11/2019,1572566400,183.12,182.38,184.28,178.69,10.78
31/10/2019,1572480000,182.37,183.25,185.21,178.24,12.94
30/10/2019,1572393600,183.25,190.44,191.58,180.58,13.67
29/10/2019,1572307200,190.45,181.67,192.28,181.67,14.03
28/10/2019,1572220800,181.67,184.06,188.91,180.7,12.75
27/10/2019,1572134400,184.05,179.61,188.33,176.47,14.54
26/10/2019,1572048000,179.62,181.5,192.54,174.35,19.63
25/10/2019,1571961600,181.49,160.73,186.24,160.41,16.19
24/10/2019,1571875200,160.73,162.26,163.68,159.4,11.36
23/10/2019,1571788800,162.28,171.44,171.61,154.42,16
22/10/2019,1571702400,171.42,174.17,175.08,170.82,9.86
21/10/2019,1571616000,174.18,175.14,177.67,171.91,9.24
20/10/2019,1571529600,175.14,171.93,176.17,169.56,10.1
19/10/2019,1571443200,171.91,172.79,174.81,170.38,9.89
18/10/2019,1571356800,172.81,177.31,177.47,169.28,11.27
17/10/2019,1571270400,177.31,174.52,178.33,172.12,9.45
16/10/2019,1571184000,174.53,180.57,181.08,172.49,12.28
15/10/2019,1571097600,180.59,186.64,187.67,178.26,11.45
14/10/2019,1571011200,186.63,181.07,186.99,180.65,9.91
13/10/2019,1570924800,181.11,179.86,184.42,178.89,8.22
12/10/2019,1570838400,179.87,180.6,184.49,178.78,9.85
11/10/2019,1570752000,180.6,191.11,195.87,179.76,13.31
10/10/2019,1570665600,191.1,192.65,194.08,187.33,10.42
09/10/2019,1570579200,192.64,180.74,195.08,179.39,12.43
08/10/2019,1570492800,180.78,179.81,184.57,177.74,10.26
07/10/2019,1570406400,179.87,170.52,182.03,169.13,10.95
06/10/2019,1570320000,170.55,176.44,176.87,168.74,7.97
05/10/2019,1570233600,176.43,175.65,176.63,172.39,7.3
04/10/2019,1570147200,175.65,174.58,178.43,171.33,8.44
03/10/2019,1570060800,174.54,180.26,180.57,170.65,8.89
02/10/2019,1569974400,180.27,175.78,180.84,173.97,8.47
01/10/2019,1569888000,175.78,180.36,184.95,174.03,11.88
30/09/2019,1569801600,180.35,169.28,180.52,165.59,11.93
29/09/2019,1569715200,169.29,173.62,174.43,164.97,9.9
28/09/2019,1569628800,173.62,173.19,175.15,168.56,10.22
27/09/2019,1569542400,173.19,164.58,175.65,161.32,10.94
26/09/2019,1569456000,164.56,168.93,169.81,153.17,11.97
25/09/2019,1569369600,168.92,166.29,174.26,162.12,13.88
24/09/2019,1569283200,166.29,201.22,202.97,164.78,19.02
23/09/2019,1569196800,201.18,211.16,211.76,199.82,9.65
22/09/2019,1569110400,211.13,215.23,215.64,206.71,9.72
21/09/2019,1569024000,215.22,218.01,221.17,213.71,8.69
20/09/2019,1568937600,218,220.22,221.27,213.12,9.1
19/09/2019,1568851200,220.21,210.44,223.35,202.95,12.42
18/09/2019,1568764800,210.43,207.8,216.89,207.69,9.78
17/09/2019,1568678400,207.77,197.33,214.45,195.95,11.69
16/09/2019,1568592000,197.32,189.1,198.82,188.68,10.01
15/09/2019,1568505600,189.1,188.17,190.23,185.92,7.3
14/09/2019,1568419200,188.16,181.06,188.54,180.09,8.63
13/09/2019,1568332800,181.11,180.87,181.53,177.79,7.68
12/09/2019,1568246400,180.87,178.48,182.37,176.85,7.19
11/09/2019,1568160000,178.47,180.05,182.27,174.86,10.66
10/09/2019,1568073600,180.05,180.64,184.16,177.44,8.27
09/09/2019,1567987200,180.65,181.45,184.76,176.25,9.64
08/09/2019,1567900800,181.44,177.76,183.42,177.36,8.34
07/09/2019,1567814400,177.74,169.14,180.63,168.42,9.05
06/09/2019,1567728000,169.15,173.82,177.79,166.16,9.98
05/09/2019,1567641600,173.83,174.8,175.56,170.54,7.4
04/09/2019,1567555200,174.79,178.82,180.06,173.85,7.55
03/09/2019,1567468800,178.81,178.1,182.59,175.37,9.03
02/09/2019,1567382400,178.11,169.72,180.56,169.45,9.27
01/09/2019,1567296000,169.72,171.62,173.22,167.08,7.8
31/08/2019,1567209600,171.62,168.14,174.43,166.16,7.89
30/08/2019,1567123200,168.16,168.68,170.27,165.38,7.49
29/08/2019,1567036800,168.66,172.85,173.05,164.04,9.55
28/08/2019,1566950400,172.85,186.6,187.13,167.57,9.72
27/08/2019,1566864000,186.58,188.36,188.61,184.26,7.19
26/08/2019,1566777600,188.34,186.32,193.09,186.02,9.02
25/08/2019,1566691200,186.3,190.16,191.49,182.81,7.58
24/08/2019,1566604800,190.15,193.42,193.47,186.13,8.38
23/08/2019,1566518400,193.43,190.29,195.32,175.8,8.56
22/08/2019,1566432000,190.29,187.27,194.42,182.97,9.97
21/08/2019,1566345600,187.24,196.15,196.78,181.29,12.98
20/08/2019,1566259200,196.14,201.65,201.96,194.55,10.01
19/08/2019,1566172800,201.64,193.67,202.81,192.33,8.14
18/08/2019,1566086400,193.68,184.83,197.17,182.96,9.11
17/08/2019,1566000000,184.81,184.55,186.12,181.58,8.78
16/08/2019,1565913600,184.55,187.67,188.03,179.35,11.33
15/08/2019,1565827200,187.8,186.59,189.3,176.08,14.03
14/08/2019,1565740800,186.56,207.68,209.43,183.74,12.46
13/08/2019,1565654400,207.68,210.48,211.01,106.01,18.29
12/08/2019,1565568000,210.45,215.84,215.97,209.49,7.94
11/08/2019,1565481600,215.83,205.92,216.23,205.64,7.63
10/08/2019,1565395200,205.93,209.46,213.53,202.35,8.7
09/08/2019,1565308800,209.49,220.12,220.49,206.4,9.66
08/08/2019,1565222400,220.16,224.68,226.11,215.57,7.54
07/08/2019,1565136000,224.66,225.62,229.22,220.62,7.9
06/08/2019,1565049600,225.63,232.45,237.47,222.46,9.35
05/08/2019,1564963200,232.45,220.76,235,220.75,9.79
04/08/2019,1564876800,220.72,220.89,222.21,216.31,6.51
03/08/2019,1564790400,220.89,216.52,223,215.52,6.99
02/08/2019,1564704000,216.54,216.37,220.84,213.93,7.56
01/08/2019,1564617600,216.37,217.23,217.55,211.23,7.09
31/07/2019,1564531200,217.23,208.49,218.19,208.17,7.51
30/07/2019,1564444800,208.49,209.81,212.88,204.54,7.15
29/07/2019,1564358400,209.82,210.39,214.45,207.37,7.2
28/07/2019,1564272000,210.37,206.64,212.01,199.68,7.54
27/07/2019,1564185600,206.62,217.8,222.7,203.5,8.55
26/07/2019,1564099200,217.83,217.65,218.65,212.07,6.96
25/07/2019,1564012800,217.65,215.45,224.05,214.79,8.42
24/07/2019,1563926400,215.44,211.86,217.02,202.3,9.72
23/07/2019,1563840000,211.87,217.27,218.03,208.31,8.7
22/07/2019,1563753600,217.27,225.03,227.47,212.46,8.6
21/07/2019,1563667200,225.01,227.83,228.76,217.72,8.5
20/07/2019,1563580800,227.86,220.11,233.7,219.8,9.12
19/07/2019,1563494400,220.09,225.23,225.68,213.57,9.38
18/07/2019,1563408000,225.23,210.95,228.42,206.47,12.65
17/07/2019,1563321600,210.95,198.88,219.13,192.91,13.51
16/07/2019,1563235200,198.87,228.49,234.41,193.48,14.52
15/07/2019,1563148800,228.49,226.56,235.43,204.39,14.59
14/07/2019,1563062400,226.62,269.12,269.62,223.95,11.86
13/07/2019,1562976000,269.16,274.68,275.04,262.85,7.84
12/07/2019,1562889600,274.68,268.72,278.33,266.81,7.95
11/07/2019,1562803200,268.72,289.13,289.14,263.08,11.36
10/07/2019,1562716800,289.1,307.44,313.81,281.53,12.44
09/07/2019,1562630400,307.41,312.23,317.94,303.38,9.13
08/07/2019,1562544000,312.23,304.87,313.15,301.6,8.5
07/07/2019,1562457600,304.88,288.11,309.42,285.28,8.43
06/07/2019,1562371200,288.08,287.16,296.06,285.61,7.56
05/07/2019,1562284800,287.15,283.36,293.61,281.92,7.8
04/07/2019,1562198400,283.43,300.51,301.56,281.18,7.26
03/07/2019,1562112000,300.58,291.48,301.64,289.39,7.9
02/07/2019,1562025600,291.41,294.87,297,273.07,10.3
01/07/2019,1561939200,294.83,292.23,303,280.35,9.57
30/06/2019,1561852800,292.21,318.26,323.21,290.78,9.82
29/06/2019,1561766400,318.48,310.52,324.13,295.44,9.03
28/06/2019,1561680000,310.56,297.73,312.7,295.3,9.93
27/06/2019,1561593600,297.55,338.54,345.83,279.82,16.13
26/06/2019,1561507200,338.54,317.65,364.89,315.99,15.73
25/06/2019,1561420800,317.65,311.47,318.49,307.75,8.51
24/06/2019,1561334400,311.46,308.51,313.67,297.9,7.1
23/06/2019,1561248000,308.53,310.39,320.79,306.12,8.49
22/06/2019,1561161600,310.38,294.69,314,292.09,10.69
21/06/2019,1561075200,294.72,271.45,295.72,271.45,11.06
20/06/2019,1560988800,271.43,268.26,273.18,264.83,7.04
19/06/2019,1560902400,268.26,264.59,269.79,263.61,6.23
18/06/2019,1560816000,264.59,273.02,273.26,261.76,7.39
17/06/2019,1560729600,273,268,274.14,266.96,7.41
16/06/2019,1560643200,267.98,267.74,282.75,263.96,8.66
15/06/2019,1560556800,267.75,262.53,271.61,260.92,6.52
14/06/2019,1560470400,262.53,254.89,268.81,252.01,6.87
13/06/2019,1560384000,254.86,261.38,262.47,254.02,7.3
12/06/2019,1560297600,261.54,244.38,261.67,242.57,7.89
11/06/2019,1560211200,244.41,246.85,247.77,237.6,6.92
10/06/2019,1560124800,246.86,231.21,246.99,227.38,8.39
09/06/2019,1560038400,231.27,243.43,244.36,227,7.8
08/06/2019,1559952000,243.42,248.98,250.51,241.09,6.23
07/06/2019,1559865600,248.98,248.63,253.12,244.33,7.41
06/06/2019,1559779200,248.54,245.81,250,236.4,7.72
05/06/2019,1559692800,245.83,241.27,248.24,237.94,8.64
04/06/2019,1559606400,241.26,250.26,251.47,235.35,11.39
03/06/2019,1559520000,250.37,269.03,269.77,248.77,9.23
02/06/2019,1559433600,269.01,264.26,272.64,263.59,7.31
01/06/2019,1559347200,264.31,267.94,274.94,261.14,9.06
31/05/2019,1559260800,267.99,254.57,268.7,246.61,11.63
30/05/2019,1559174400,254.52,268.62,287.99,241.51,15.52
29/05/2019,1559088000,268.61,271.16,273.72,260.85,22.33
28/05/2019,1559001600,271.18,270.97,275.39,265.5,9.35
27/05/2019,1558915200,270.98,264.66,279.07,262.96,11.58
26/05/2019,1558828800,264.68,250.69,268.75,245.92,10.06
25/05/2019,1558742400,250.68,249.2,256.9,247.9,8.58
24/05/2019,1558656000,249.17,244.68,254.22,241.74,10.07
23/05/2019,1558569600,244.68,244.35,247.3,231.89,13.07
22/05/2019,1558483200,244.34,253.7,259.7,241.68,10.83
21/05/2019,1558396800,253.76,250.72,261.59,246.85,10.24
20/05/2019,1558310400,250.72,259.68,259.68,238.64,12.38
19/05/2019,1558224000,259.63,233.87,263.05,232.85,14.38
18/05/2019,1558137600,233.89,244.38,247.84,232.13,13.93
17/05/2019,1558051200,244.45,264.68,267.8,224.62,22.54
16/05/2019,1557964800,264.69,248.14,278.52,244.27,25.14
15/05/2019,1557878400,248.15,217.34,249.78,217.32,18.66
14/05/2019,1557792000,217.42,196,220.02,195.22,16.8
13/05/2019,1557705600,196.02,188.09,206.1,185.69,14.8
12/05/2019,1557619200,188.07,192.17,202.93,182.81,18.52
11/05/2019,1557532800,192.27,172.78,204.72,172.75,20.9
10/05/2019,1557446400,172.77,170.85,175.78,168.86,12.73
09/05/2019,1557360000,170.84,170.76,173.28,167.03,10.03
08/05/2019,1557273600,170.77,169.34,172.68,165.7,9.75
07/05/2019,1557187200,169.34,172.99,181.39,169.06,15.23
06/05/2019,1557100800,173,163.03,176.98,159.66,12.97
05/05/2019,1557014400,163.03,163.67,165.25,159.56,8.54
04/05/2019,1556928000,163.68,167.87,171.04,160.36,10.23
03/05/2019,1556841600,167.86,161.66,169.8,160.86,10.23
02/05/2019,1556755200,161.66,160.35,162.88,159.22,8.13
01/05/2019,1556668800,160.38,161.84,163.7,158.85,7.74
30/04/2019,1556582400,161.8,154.94,162.56,154.94,9.57
29/04/2019,1556496000,154.93,158.3,159.16,152.6,10.69
28/04/2019,1556409600,158.27,159.43,160.28,157.54,8.28
27/04/2019,1556323200,159.41,157.96,161.95,156.74,8.51
26/04/2019,1556236800,157.97,155.16,161.82,152.32,11.52
25/04/2019,1556150400,155.18,165.23,165.81,151.73,10.78
24/04/2019,1556064000,165.22,169.94,170.53,154.87,11.61
23/04/2019,1555977600,169.95,170.87,175.92,169.01,10.17
22/04/2019,1555891200,170.87,168.5,172.32,167.07,8.62
21/04/2019,1555804800,168.52,172.89,173.42,164.81,8.78
20/04/2019,1555718400,172.73,172.79,176.71,170.17,8.19
19/04/2019,1555632000,172.79,173.34,173.41,169.15,9.26
18/04/2019,1555545600,173.33,165.91,175.02,165.38,10.16
17/04/2019,1555459200,165.9,165.61,167.21,164.26,7.56
16/04/2019,1555372800,165.65,160.16,166.64,159.52,7.66
15/04/2019,1555286400,160.17,167.3,168.63,153.65,7.71
14/04/2019,1555200000,167.29,163.19,168.18,161.52,5.89
13/04/2019,1555113600,163.19,163.46,165.27,161.34,5.52
12/04/2019,1555027200,163.47,164.37,166.08,158.93,7.12
11/04/2019,1554940800,164.36,177.39,177.63,159.6,11.11
10/04/2019,1554854400,177.37,175.09,183.49,171.61,12.1
09/04/2019,1554768000,175.09,179.16,179.24,172.15,10.82
08/04/2019,1554681600,179.16,174.32,185.54,171.87,14.83
07/04/2019,1554595200,174.33,165.58,175.37,164.17,9.88
06/04/2019,1554508800,165.55,164.93,172.53,160.22,10.37
05/04/2019,1554422400,164.93,157.43,167.34,156.42,10.06
04/04/2019,1554336000,157.43,160.34,164.33,153.26,13.55
03/04/2019,1554249600,160.34,163.47,177.29,152.24,47.66
02/04/2019,1554163200,163.47,141.5,165.42,141.29,36.03
01/04/2019,1554076800,141.5,141.77,143.28,140.26,11.85
31/03/2019,1553990400,141.79,142.65,142.69,140.71,9.33
30/03/2019,1553904000,142.65,143.38,145.85,140.43,12.81
29/03/2019,1553817600,143.38,138.17,143.53,138.13,12.09
28/03/2019,1553731200,138.15,139.63,140.33,137.68,9.52
27/03/2019,1553644800,139.65,134.37,140.08,133.89,15.47
26/03/2019,1553558400,134.37,134.25,134.99,132.61,9.47
25/03/2019,1553472000,134.25,136.44,137.05,132.36,11.49
24/03/2019,1553385600,136.44,137.53,137.53,135.5,9.66
23/03/2019,1553299200,137.53,136.42,138.3,135.76,9.16
22/03/2019,1553212800,136.42,135.11,137.44,134.65,10.18
21/03/2019,1553126400,135.11,139.32,139.74,133.05,12.95
20/03/2019,1553040000,139.31,138.72,139.75,136.56,10.46
19/03/2019,1552953600,138.72,137.92,139.5,137.1,10.84
18/03/2019,1552867200,137.92,138.91,141.87,136.86,12.87
17/03/2019,1552780800,138.91,141.15,141.17,137.61,9.79
16/03/2019,1552694400,141.15,136.77,143.95,136.75,16.89
15/03/2019,1552608000,136.75,132.44,137.68,132.44,12.55
14/03/2019,1552521600,132.45,131.97,134.82,130.48,9.79
13/03/2019,1552435200,131.97,133.81,133.84,131.2,9.59
12/03/2019,1552348800,133.8,132.99,134.93,129.14,13.03
11/03/2019,1552262400,132.99,135.72,136.23,131.66,11.17
10/03/2019,1552176000,135.72,137.52,137.75,134.53,9.21
09/03/2019,1552089600,137.52,133.84,138.57,133.38,10.79
08/03/2019,1552003200,133.85,136.93,139.45,131.66,12.38
07/03/2019,1551916800,136.93,137.62,139.98,135.72,13.29
06/03/2019,1551830400,137.62,136.82,149.49,133.94,14.7
05/03/2019,1551744000,136.82,125.97,141.11,125.44,16.74
04/03/2019,1551657600,125.97,131.02,131.57,123.25,14.11
03/03/2019,1551571200,131.01,132.77,168.42,129.05,10.64
02/03/2019,1551484800,132.76,135.72,136.36,130.74,11.29
01/03/2019,1551398400,135.72,135.47,138.06,128.46,9.73
28/02/2019,1551312000,135.47,135.2,138.56,133.09,16.08
27/02/2019,1551225600,135.2,136.66,159.6,128.15,16.11
26/02/2019,1551139200,136.67,138.26,138.66,134.48,11.75
25/02/2019,1551052800,138.27,132.94,141.57,132.85,10.55
24/02/2019,1550966400,132.93,158.31,165.79,132.87,14.3
23/02/2019,1550880000,158.3,147.97,159.31,146.28,8.31
22/02/2019,1550793600,147.97,145.79,148.83,144.27,6.79
21/02/2019,1550707200,145.78,149.01,149.55,143.5,7.21
20/02/2019,1550620800,149.11,144.02,149.46,140.88,8.61
19/02/2019,1550534400,144.01,145.79,149.84,143.8,9.9
18/02/2019,1550448000,145.8,133.79,147.64,125.07,11.93
17/02/2019,1550361600,133.79,122.88,135.27,122.78,8.67
16/02/2019,1550275200,122.87,121.72,124.5,121.71,5.33
15/02/2019,1550188800,121.73,120.97,124,120.87,5.69
14/02/2019,1550102400,120.97,122.21,124.46,120.44,5.81
13/02/2019,1550016000,122.22,122.66,126.17,121.06,6.17
12/02/2019,1549929600,122.64,121.32,123.99,119.28,5.74
11/02/2019,1549843200,121.3,124.94,125.05,119.55,6.13
10/02/2019,1549756800,124.92,119.44,125.46,116.42,6.32
09/02/2019,1549670400,119.44,119.27,121.09,117.96,5.21
08/02/2019,1549584000,119.23,104.55,122.58,103.89,9.19
07/02/2019,1549497600,104.55,104.63,106.12,104.29,5.05
06/02/2019,1549411200,104.63,107.37,107.67,102.28,6.15
05/02/2019,1549324800,107.37,107.91,108.32,106.6,4.67
04/02/2019,1549238400,107.9,107.63,109.24,106.95,5.02
03/02/2019,1549152000,107.62,110.67,111.25,106.36,5.01
02/02/2019,1549065600,110.68,106.99,111.16,106.29,4.23
01/02/2019,1548979200,106.98,106.74,108.54,104.41,4.98
31/01/2019,1548892800,106.71,108.51,110.56,105.86,5.11
30/01/2019,1548806400,108.52,104.76,109.67,103.82,5.95
29/01/2019,1548720000,104.79,105.82,107.32,102.89,5.41
28/01/2019,1548633600,105.82,112.5,113.14,101.6,7.45
27/01/2019,1548547200,112.5,115.83,116.24,112.03,4.65
26/01/2019,1548460800,115.83,115.5,117.63,115.37,3.48
25/01/2019,1548374400,115.5,116.7,117.41,115.03,4.75
24/01/2019,1548288000,116.71,116.84,117.32,114.93,4.38
23/01/2019,1548201600,116.84,118.23,119.01,115.52,4.35
22/01/2019,1548115200,118.23,116.05,119.47,112.36,5.11
21/01/2019,1548028800,116.05,117.52,118.04,114.15,4.8
20/01/2019,1547942400,117.52,123,123.52,116.25,3.93
19/01/2019,1547856000,123.02,119.34,125.37,119.34,3.36
18/01/2019,1547769600,119.34,122.02,122.19,118.27,2.59
17/01/2019,1547683200,122.03,121.71,123.03,117.51,3.61
16/01/2019,1547596800,121.72,119.59,126.5,119.1,3.83
15/01/2019,1547510400,119.62,127.55,129.6,116.9,4.31
14/01/2019,1547424000,127.53,114.65,130.3,114.62,3.86
13/01/2019,1547337600,114.64,123.75,124.09,112.79,2.98
12/01/2019,1547251200,123.75,125.15,126.15,122.73,2.21
11/01/2019,1547164800,125.15,125.61,127.83,121.28,3.77
10/01/2019,1547078400,125.63,148.78,150.09,121.98,6.48
09/01/2019,1546992000,148.79,148.41,152.57,147.95,2.34
08/01/2019,1546905600,148.41,149.96,152.21,146.29,3.04
07/01/2019,1546819200,149.96,154.96,156.36,148.47,2.88
06/01/2019,1546732800,154.96,153.48,158.29,148.63,4.23
05/01/2019,1546646400,153.49,152.87,159.78,152.84,4.85
04/01/2019,1546560000,152.86,146.94,155.4,145.29,4.92
03/01/2019,1546473600,146.94,152.96,154.3,144.39,4.02
02/01/2019,1546387200,152.95,139.58,155.93,138.74,5.51
01/01/2019,1546300800,139.61,131.9,140.51,130.67,3.05
31/12/2018,1546214400,131.9,138.45,138.72,129.61,3.23
30/12/2018,1546128000,138.45,133.64,139.76,129.51,4.35
29/12/2018,1546041600,133.67,136.59,146.02,130.71,5.92
28/12/2018,1545955200,136.61,114.57,137.22,113.14,5.94
27/12/2018,1545868800,114.56,130.06,131.51,112.59,4.83
26/12/2018,1545782400,130.06,128.39,136.13,123.39,5.11
25/12/2018,1545696000,128.39,139.06,139.74,122.14,7.04
24/12/2018,1545609600,139.23,129.6,158.27,129.48,9.39
23/12/2018,1545523200,129.6,115.85,132.46,115.79,6.66
22/12/2018,1545436800,115.84,108.18,115.87,105.97,3.3
21/12/2018,1545350400,108.18,114.6,118.67,105.59,5.18
20/12/2018,1545264000,114.61,99.36,116.35,98.63,6.34
19/12/2018,1545177600,99.37,100.68,107.89,98.57,5.58
18/12/2018,1545091200,100.66,94.37,101.33,91.96,4.66
17/12/2018,1545004800,94.37,84.72,96.99,84.61,5.37
16/12/2018,1544918400,84.72,83.9,87.62,83.89,3.61
15/12/2018,1544832000,83.9,83.81,85.07,81.97,3.04
14/12/2018,1544745600,83.81,86.31,87,82.28,3.84
13/12/2018,1544659200,86.31,89.62,90.72,84.83,3.94
12/12/2018,1544572800,89.62,87.72,91.33,87.19,3.46
11/12/2018,1544486400,88.32,90.18,91.94,86.25,4.38
10/12/2018,1544400000,90.17,93.62,95.3,88.68,4.15
09/12/2018,1544313600,93.62,90.56,98.76,88.82,4.88
08/12/2018,1544227200,90.57,93.28,97.98,84.75,5.68
07/12/2018,1544140800,93.27,90.85,96.99,77.65,7.73
06/12/2018,1544054400,90.86,102.36,104.42,90.57,5.06
05/12/2018,1543968000,102.33,110.14,110.7,102.24,3.04
04/12/2018,1543881600,110.09,108.66,113.16,106.13,2.48
03/12/2018,1543795200,108.66,116.4,127.08,106.79,2.66
02/12/2018,1543708800,116.41,118.23,120.71,116.08,2.1
01/12/2018,1543622400,118.23,113.76,120.45,111.62,2.87
30/11/2018,1543536000,113.77,117.86,119.8,111.73,4.27
29/11/2018,1543449600,117.85,122.75,123.77,114.81,4
28/11/2018,1543363200,122.74,111.19,126.6,111.19,5.41
27/11/2018,1543276800,111.18,110.08,113.67,102.84,5.42
26/11/2018,1543190400,110.08,118.03,120.56,106.44,5.09
25/11/2018,1543104000,118.04,114.42,121.1,102.8,6.74
24/11/2018,1543017600,114.43,124.63,129.34,111.79,3.81
23/11/2018,1542931200,124.64,126.17,128.08,119.76,4.47
22/11/2018,1542844800,126.12,137.75,139.74,125.93,2.92
21/11/2018,1542758400,137.72,132.9,140.86,126.84,5.12
20/11/2018,1542672000,132.92,150.27,153.55,127.3,7.69
19/11/2018,1542585600,150.12,178.76,178.93,146.86,5.23
18/11/2018,1542499200,178.65,176.53,182.07,176.06,1.59
17/11/2018,1542412800,176.53,176.99,177.93,174.94,44.19
16/11/2018,1542326400,177.01,184.1,184.88,175.29,43.39
15/11/2018,1542240000,184.1,187.51,189.79,171.99,69.51
14/11/2018,1542153600,187.46,210.44,210.59,177.34,45.72
13/11/2018,1542067200,210.44,212.79,213.88,209.4,27.77
12/11/2018,1541980800,212.79,213.1,214.95,211.54,17.81
11/11/2018,1541894400,213.18,213.19,214.22,209.51,48.66
10/11/2018,1541808000,213.21,211.39,215.47,210.61,10.44
09/11/2018,1541721600,211.39,212.87,215.26,209.23,3.47
08/11/2018,1541635200,212.87,218.8,220.53,212.79,23.56
07/11/2018,1541548800,218.8,220.22,224.64,217.16,15.96
06/11/2018,1541462400,220.22,210.67,221.32,209.15,33.87
05/11/2018,1541376000,210.67,211.86,212.42,207.82,77.47
04/11/2018,1541289600,211.86,200.27,218.35,199.38,54.2
03/11/2018,1541203200,200.23,202.67,203.16,199.63,8.62
02/11/2018,1541116800,202.66,198.17,203.75,198.13,7.26
01/11/2018,1541030400,198.17,198.59,199.79,197.84,12.55
31/10/2018,1540944000,198.59,197.27,201.89,193,19.69
30/10/2018,1540857600,197.39,196.83,198.96,195.28,22.41
29/10/2018,1540771200,197.05,204.84,205.79,195.03,17.76
28/10/2018,1540684800,204.99,204.36,205.52,203.05,9.11
27/10/2018,1540598400,204.36,204.78,206.22,203.06,9.76
26/10/2018,1540512000,204.58,204.08,208.94,203.19,13.99
25/10/2018,1540425600,204.11,205.12,206.12,202.99,15.68
24/10/2018,1540339200,205.12,205.68,207.86,205,18.18
23/10/2018,1540252800,205.68,207.03,207.95,202.99,19.71
22/10/2018,1540166400,206.77,207.38,209.39,205.5,27.13
21/10/2018,1540080000,207.37,207.76,211.65,207.04,14.65
20/10/2018,1539993600,208.04,205.12,209.37,203.65,12.48
19/10/2018,1539907200,204.97,206.6,208.74,204.02,26.32
18/10/2018,1539820800,206.58,213.16,215.23,203.95,16.21
17/10/2018,1539734400,213.46,215.06,216.6,210.1,16.84
16/10/2018,1539648000,215.06,214.27,218.71,211.37,20.24
15/10/2018,1539561600,214.26,197.09,235.83,195.4,41.35
14/10/2018,1539475200,197.08,201.22,207.53,195.51,12.89
13/10/2018,1539388800,201.22,196.67,206.13,196.41,976.30K
12/10/2018,1539302400,196.7,190.89,202.9,190.89,1.69
11/10/2018,1539216000,190.89,226.33,226.36,188.65,3.5
10/10/2018,1539129600,226.3,228.28,231.32,224.74,1.07
09/10/2018,1539043200,228.25,229.83,232.66,226.81,945.43K
08/10/2018,1538956800,229.84,226.11,231.66,224.79,1.3
07/10/2018,1538870400,226.11,225.19,227.44,222,1.47
06/10/2018,1538784000,225.18,228.34,228.69,223.01,8.2
05/10/2018,1538697600,228.34,222.33,231.88,220,7.63
04/10/2018,1538611200,222.57,220.48,227.14,219.75,7.83
03/10/2018,1538524800,220.51,225.84,227.15,216.44,8.47
02/10/2018,1538438400,225.84,231.77,232.97,223.75,8.17
01/10/2018,1538352000,231.77,232.8,235.95,225.33,8.31
30/09/2018,1538265600,232.8,231.9,238.64,227.01,8.74
29/09/2018,1538179200,231.87,221.95,237.45,215.15,8.9
28/09/2018,1538092800,221.77,229.18,234.14,215.39,7.34
27/09/2018,1538006400,229.15,214.46,232.6,211.31,7.37
26/09/2018,1537920000,214.35,219.14,222.41,208.91,6.37
25/09/2018,1537833600,219.04,228.02,228.59,204.84,5.78
24/09/2018,1537747200,228.01,244.67,246.87,225.73,4.54
23/09/2018,1537660800,244.67,240.82,249.02,238.14,4.03
22/09/2018,1537574400,240.82,247.92,254.36,233.46,5.16
21/09/2018,1537488000,247.92,224.43,250.74,222.05,6.76
20/09/2018,1537401600,224.42,209.74,225.48,207.78,4.47
19/09/2018,1537315200,209.74,209.02,214.91,199.19,5.68
18/09/2018,1537228800,209.03,196.17,213.93,195.24,5.32
17/09/2018,1537142400,196.24,220.2,224.48,192.87,7.49
16/09/2018,1537056000,220.2,221.94,223.14,208.61,4.64
15/09/2018,1536969600,221.94,209.88,259.37,209.06,5.53
14/09/2018,1536883200,209.98,210.98,224.6,203.16,7.71
13/09/2018,1536796800,211,183.11,214.57,183.11,7.46
12/09/2018,1536710400,182.98,185.07,186.57,169.08,5.83
11/09/2018,1536624000,185.07,197.05,200.42,177.29,5.15
10/09/2018,1536537600,197.04,195.81,203.64,187.35,4.38
09/09/2018,1536451200,195.8,196.69,208.23,187.26,5.47
08/09/2018,1536364800,196.79,215.51,220.85,191.16,4.47
07/09/2018,1536278400,215.6,229.58,234.49,214.84,4.51
06/09/2018,1536192000,229.6,228.76,232.66,212.9,5.81
05/09/2018,1536105600,228.77,285.17,288.01,227.76,6.21
04/09/2018,1536019200,285.17,288.98,292.6,283.4,5.02
03/09/2018,1535932800,288.92,295.05,296.76,285.95,5.35
02/09/2018,1535846400,295.05,295.32,299.38,289.45,5.85
01/09/2018,1535760000,295.31,281.94,301.92,281.76,4.53
31/08/2018,1535673600,281.94,283.97,284.85,277.13,4.66
30/08/2018,1535587200,283.97,288.41,290.91,272.85,4.99
29/08/2018,1535500800,288.42,295.61,297.11,284.45,4.84
28/08/2018,1535414400,295.62,286.57,297.86,282.57,4.71
27/08/2018,1535328000,286.57,274.46,286.57,271.9,4.89
26/08/2018,1535241600,274.46,277.61,281.34,269.75,4.14
25/08/2018,1535155200,277.61,281.29,282.74,276.53,4.05
24/08/2018,1535068800,281.29,276.12,282.71,270.91,4.9
23/08/2018,1534982400,276.12,269.84,279.19,268.94,3.94
22/08/2018,1534896000,269.84,280.9,298.2,266.4,5.03
21/08/2018,1534809600,280.9,271.9,282.77,270.26,2.97
20/08/2018,1534723200,271.08,299.33,303.74,270.17,3.88
19/08/2018,1534636800,299.33,293.9,306.3,289.5,3.54
18/08/2018,1534550400,293.89,316.91,320.81,282.76,4.31
17/08/2018,1534464000,316.9,286.76,316.9,285.78,4.75
16/08/2018,1534377600,286.76,281.12,298.19,278.6,4.08
15/08/2018,1534291200,281.12,278.3,303.85,277.91,5.17
14/08/2018,1534204800,278.19,284,284,250.84,5.96
13/08/2018,1534118400,284.01,318.2,321.22,281.17,2.33
12/08/2018,1534032000,318.18,317.63,327.51,314.71,1.52
11/08/2018,1533945600,317.59,331.78,332.52,305.19,2.16
10/08/2018,1533859200,331.81,363.33,365.36,326.67,1.74
09/08/2018,1533772800,363.34,355.48,369.74,351.07,1.42
08/08/2018,1533686400,355.44,378.29,380.15,348.98,2.05
07/08/2018,1533600000,378.25,405.38,410.57,370.06,1.63
06/08/2018,1533513600,405.4,408.81,413.4,401.66,1.02
05/08/2018,1533427200,408.85,407.11,412.51,401.22,1.02
04/08/2018,1533340800,407.09,417.58,419.7,402.52,1.14
03/08/2018,1533254400,417.58,411,419.74,398.1,1.43
02/08/2018,1533168000,411,420.33,424.51,408.21,1.32
01/08/2018,1533081600,420.3,431.88,434.43,407.96,1.64
31/07/2018,1532995200,431.5,456.65,457.33,427.81,1.52
30/07/2018,1532908800,456.64,466.41,468.6,447.06,1.38
29/07/2018,1532822400,466.41,468.89,471.78,462.04,1.04
28/07/2018,1532736000,468.78,470.24,471.47,461.55,1.07
27/07/2018,1532649600,470.23,462.79,473.58,457.36,1.17
26/07/2018,1532563200,462.75,472.03,484.59,460.61,1.11
25/07/2018,1532476800,472.03,479.78,484.97,464.75,1.38
24/07/2018,1532390400,479.88,450.58,484.3,449.44,1.59
23/07/2018,1532304000,450.56,459.02,470.37,448.14,1.32
22/07/2018,1532217600,459.02,461.51,472.88,456.35,918.81K
21/07/2018,1532131200,461.52,449.44,468.95,443.04,972.66K
20/07/2018,1532044800,449.38,469.48,469.74,441.74,1.52
19/07/2018,1531958400,469.47,480,484,463.94,1.21
18/07/2018,1531872000,480,499.86,515.2,470.91,1.52
17/07/2018,1531785600,499.87,479.68,511.54,467.33,1.7
16/07/2018,1531699200,479.79,450.87,480.84,446.14,1.42
15/07/2018,1531612800,450.81,434.09,455.68,432.59,916.02K
14/07/2018,1531526400,434.09,432.88,439.94,429.89,932.65K
13/07/2018,1531440000,432.85,430.86,442.02,425.77,1.24
12/07/2018,1531353600,430.84,445.96,446.27,418.71,1.55
11/07/2018,1531267200,445.99,432.67,447.62,425.6,1.05
10/07/2018,1531180800,432.67,471.77,473.36,429.39,1.62
09/07/2018,1531094400,471.52,486.41,488.1,469.93,1.2
08/07/2018,1531008000,486.45,485.4,494.03,482.24,2.16
07/07/2018,1530921600,485.4,469.91,486.18,464.29,1.62
06/07/2018,1530835200,469.9,468.47,474.58,455.05,1.75
05/07/2018,1530748800,468.47,467.58,478.59,459.68,1.74
04/07/2018,1530662400,467.52,461.9,480.69,453.94,1.28
03/07/2018,1530576000,461.89,475.73,483.93,460.63,1.72
02/07/2018,1530489600,475.7,452.57,479.94,442.29,1.91
01/07/2018,1530403200,452.57,452.72,456.02,445.06,1.67
30/06/2018,1530316800,452.67,434.92,457.49,433.46,1.82
29/06/2018,1530230400,435.37,421.23,441.29,406.12,1.78
28/06/2018,1530144000,421.27,442.16,443.32,418.62,1.66
27/06/2018,1530057600,442.16,430.32,445.38,423.01,2.02
26/06/2018,1529971200,430.33,458.76,459.96,429.87,5.31
25/06/2018,1529884800,458.76,454.81,472.54,437.08,4.41
24/06/2018,1529798400,454.81,474.14,475.74,419.56,2.64
23/06/2018,1529712000,474.14,462.58,482.42,456.46,1.22
22/06/2018,1529625600,462.57,525.97,526.26,450.72,1.74
21/06/2018,1529539200,526.01,536.31,544.71,522.47,774.03K
20/06/2018,1529452800,536.31,538.22,541.08,517.42,873.14K
19/06/2018,1529366400,538.22,517.91,547.5,514.88,985.96K
18/06/2018,1529280000,517.91,496.47,523.95,489.16,842.05K
17/06/2018,1529193600,496.43,496.95,507.19,494.73,604.79K
16/06/2018,1529107200,496.93,487.88,502.47,484.89,749.09K
15/06/2018,1529020800,487.88,519.49,520.73,483.99,1.25
14/06/2018,1528934400,519.49,476.17,525.21,461.62,1.7
13/06/2018,1528848000,476.17,494.6,501.64,450.67,1.56
12/06/2018,1528761600,494.48,531.4,538.16,484.99,1.24
11/06/2018,1528675200,531.42,524.64,535.63,510.29,1.21
10/06/2018,1528588800,524.64,593.8,593.82,503.43,1.49
09/06/2018,1528502400,593.8,599.67,608.65,592.54,534.16K
08/06/2018,1528416000,599.67,604.71,608.32,593.74,622.54K
07/06/2018,1528329600,604.71,606.39,616.52,600.29,843.32K
06/06/2018,1528243200,606.39,608.83,611.63,593.98,700.74K
05/06/2018,1528156800,608.83,591.44,613,577.53,829.99K
04/06/2018,1528070400,591.44,619.09,624.81,580.71,809.80K
03/06/2018,1527984000,619.08,591.33,627.51,590.81,764.93K
02/06/2018,1527897600,591.3,579.34,598.78,574.8,808.42K
01/06/2018,1527811200,579.3,577.87,589.55,565.69,861.91K
31/05/2018,1527724800,577.87,557.96,586.15,554.96,922.24K
30/05/2018,1527638400,557.98,566.86,584.9,543.16,1.06
29/05/2018,1527552000,566.81,512.32,572.71,511.94,1.38
28/05/2018,1527465600,512.29,570.67,575,507.72,1.5
27/05/2018,1527379200,570.69,586.63,591.48,558.44,892.94K
26/05/2018,1527292800,586.76,585.39,606.26,579.36,651.25K
25/05/2018,1527206400,585.39,602.4,616.48,569.77,1.08
24/05/2018,1527120000,602.43,577.52,609.39,547.39,1.56
23/05/2018,1527033600,577.55,642.02,649.85,564.74,1.78
22/05/2018,1526947200,642.17,696.84,698.48,639.2,928.09K
21/05/2018,1526860800,696.85,716.02,718.06,694.07,590.69K
20/05/2018,1526774400,716.02,696.73,722.92,688.7,702.63K
19/05/2018,1526688000,696.76,693.28,716.51,683.38,732.31K
18/05/2018,1526601600,693.28,668.98,694.24,658.25,906.93K
17/05/2018,1526515200,668.97,706.53,718.5,663.91,953.69K
16/05/2018,1526428800,706.53,705.73,710.49,667.51,978.18K
15/05/2018,1526342400,705.73,727.06,738.71,696.63,1.03
14/05/2018,1526256000,727.06,729.41,741.52,687.16,1.39
13/05/2018,1526169600,729.37,684.77,739.67,669.2,1.01
12/05/2018,1526083200,683.94,676.97,689.83,635.23,1.34
11/05/2018,1525996800,676.21,724.36,736.58,665.81,1.63
10/05/2018,1525910400,724.4,751.98,768.24,723.39,983.14K
09/05/2018,1525824000,751.62,747.98,759.71,711.49,1.07
08/05/2018,1525737600,748.48,759.35,761.43,721.49,1.14
07/05/2018,1525651200,754.03,793.29,797.3,700.4,2.12
06/05/2018,1525564800,793.19,818.75,838.26,755.09,1.16
05/05/2018,1525478400,818.33,785.29,830.03,782.18,1
04/05/2018,1525392000,785.2,778.97,806.9,760.1,1.24
03/05/2018,1525305600,778.95,688.23,788.61,686.79,1.55
02/05/2018,1525219200,688.15,671.31,690.97,664.29,873.98K
01/05/2018,1525132800,671.26,670.12,674.36,630.33,1.03
30/04/2018,1525046400,670.07,689.83,693.85,664.03,913.86K
29/04/2018,1524960000,689.9,683.49,700.05,669.15,856.12K
28/04/2018,1524873600,683.49,643.96,693.79,640.92,871.55K
27/04/2018,1524787200,643.97,661.65,685.54,641.84,1.06
26/04/2018,1524700800,662.36,617.37,665.2,600.69,1.37
25/04/2018,1524614400,617.36,702.94,703.25,594.98,2.72
24/04/2018,1524528000,703.02,644.08,711.74,644.05,1.48
23/04/2018,1524441600,644.13,622.01,648.58,619.81,859.64K
22/04/2018,1524355200,622.23,605.58,643.58,591.78,1.02
21/04/2018,1524268800,605.59,617.1,623.86,574.73,1.23
20/04/2018,1524182400,617.04,567.7,620.58,558.27,1.42
19/04/2018,1524096000,567.49,525.74,570.15,522.15,1.04
18/04/2018,1524009600,525.66,503.24,526.41,502.02,759.15K
17/04/2018,1523923200,503.19,511.75,520.86,501.73,826.71K
16/04/2018,1523836800,511.82,533.89,537.32,498.87,1.03
15/04/2018,1523750400,533.9,502.52,534.18,502.52,988.29K
14/04/2018,1523664000,502.52,494.36,514.14,486.89,924.64K
13/04/2018,1523577600,493.48,494.25,528.71,482.19,1.67
12/04/2018,1523491200,494.03,430.13,498.13,414.07,1.86
11/04/2018,1523404800,430.14,415.43,433.25,412.35,827.17K
10/04/2018,1523318400,415.45,399.04,417.84,391.81,709.22K
09/04/2018,1523232000,399.05,400.67,430.85,388.05,1.3
08/04/2018,1523145600,400.71,384.85,403.71,384.85,569.26K
07/04/2018,1523059200,384.87,369.97,394.66,369.41,600.40K
06/04/2018,1522972800,369.97,381.69,385.7,363.83,700.80K
05/04/2018,1522886400,381.52,378.62,386.91,367.21,903.27K
04/04/2018,1522800000,378.68,415.58,416.38,371.35,1.12
03/04/2018,1522713600,415.55,385.02,418.78,380.89,1.06
02/04/2018,1522627200,385.07,378.85,393.94,375.67,824.81K
01/04/2018,1522540800,378.75,394.1,399.46,359.49,1.24
31/03/2018,1522454400,393.96,393.75,419.07,390.09,1.21
30/03/2018,1522368000,393.79,384.13,411.17,366.12,1.96
29/03/2018,1522281600,384.12,446.86,449.33,380.85,2.01
28/03/2018,1522195200,446.84,448.73,465.09,440.84,918.12K
27/03/2018,1522108800,448.48,485.97,491.77,446.7,1.31
26/03/2018,1522022400,485.98,523.46,526.22,467.46,1.15
25/03/2018,1521936000,523.5,520.44,535.11,513.05,495.85K
24/03/2018,1521849600,520.45,543.15,545.15,520.05,554.62K
23/03/2018,1521763200,543.42,539.9,543.51,508.36,871.89K
22/03/2018,1521676800,539.87,559.9,577.63,517.81,887.95K
21/03/2018,1521590400,560.24,557.09,589.83,545.87,1.01
20/03/2018,1521504000,557.08,555.75,566.63,517.02,1.16
19/03/2018,1521417600,556.16,536.72,558.33,516.31,1.46
18/03/2018,1521331200,536.72,549.96,559.19,454.9,2.56
17/03/2018,1521244800,550.27,600.48,609.48,544.51,777.54K
16/03/2018,1521158400,600.79,610.36,625.34,585.84,695.58K
15/03/2018,1521072000,610.13,612.08,620.01,572.69,991.89K
14/03/2018,1520985600,612.09,689.67,702.53,587.1,990.48K
13/03/2018,1520899200,689.57,697.06,713.8,680.01,558.73K
12/03/2018,1520812800,697.04,720.12,739.25,678.27,664.59K
11/03/2018,1520726400,720.12,682.77,733.33,664.53,690.94K
10/03/2018,1520640000,682.52,725.7,746.13,678.46,673.80K
09/03/2018,1520553600,725.89,698.91,728.83,644.46,1.13
08/03/2018,1520467200,698.96,750.09,772.23,689.41,850.15K
07/03/2018,1520380800,749.98,814.56,824.83,724.98,945.38K
06/03/2018,1520294400,814.88,850,851.72,803.9,578.56K
05/03/2018,1520208000,850.24,865.53,870.27,850.24,466.38K
04/03/2018,1520121600,865.53,855.91,867.35,838.06,444.49K
03/03/2018,1520035200,855.91,855.46,868.51,853.45,407.54K
02/03/2018,1519948800,856.09,870.51,875.69,850.47,463.75K
01/03/2018,1519862400,870.04,852.44,879.53,848.41,514.50K
28/02/2018,1519776000,852.49,871.58,888.06,850.84,550.74K
27/02/2018,1519689600,871.44,867.06,894.78,861.4,569.30K
26/02/2018,1519603200,866.99,841.28,879.18,835.34,619.75K
25/02/2018,1519516800,840.88,834.1,849.36,818.46,507.82K
24/02/2018,1519430400,834.36,854.99,874.49,810.91,669.62K
23/02/2018,1519344000,856.65,803.56,882.61,787.95,868.36K
22/02/2018,1519257600,803.66,838.97,878.14,789.92,849.82K
21/02/2018,1519171200,839.1,884.94,906.43,818.48,1.01
20/02/2018,1519084800,884.51,940.04,959.41,877.65,788.97K
19/02/2018,1518998400,940.08,913.09,954.94,910.29,552.22K
18/02/2018,1518912000,913.1,971.57,980.27,903.28,869.06K
17/02/2018,1518825600,971.54,937.35,972.86,934.49,648.32K
16/02/2018,1518739200,937.5,927.34,945.68,907.33,662.76K
15/02/2018,1518652800,927.56,919.53,945.99,902.56,952.23K
14/02/2018,1518566400,919.67,841.38,922.38,840.82,993.86K
13/02/2018,1518480000,841.38,865.72,868.92,822.98,733.53K
12/02/2018,1518393600,865.62,811.01,875.52,810.99,837.42K
11/02/2018,1518307200,810.45,851.44,854.1,778.9,988.45K
10/02/2018,1518220800,851.39,877.88,908.26,816.72,1.05
09/02/2018,1518134400,877.85,805.15,879.51,781.97,923.81K
08/02/2018,1518048000,805.4,752.75,831.02,751.76,1.25
07/02/2018,1517961600,753.18,782.72,852.98,719.34,1.98
06/02/2018,1517875200,783.83,696.75,797.94,568.78,4.29
05/02/2018,1517788800,696.86,828.49,859.72,634.64,2.99
04/02/2018,1517702400,829.43,971.49,972.66,788.79,1.34
03/02/2018,1517616000,971.49,920.93,997.51,850.38,1.07
02/02/2018,1517529600,920.85,"1,033.02","1,036.17",766.82,3.03
01/02/2018,1517443200,"1,033.55","1,118.15","1,157.09",970.42,1.76
31/01/2018,1517356800,"1,118.08","1,072.17","1,126.87","1,028.03",990.74K
30/01/2018,1517270400,"1,071.90","1,174.36","1,178.92","1,042.90",1.42
29/01/2018,1517184000,"1,175.00","1,245.50","1,259.80","1,155.90",488.44K
28/01/2018,1517097600,"1,246.60","1,114.70","1,264.80","1,109.00",662.74K
27/01/2018,1517011200,"1,114.80","1,046.90","1,125.30","1,031.60",370.17K
26/01/2018,1516924800,"1,047.00","1,048.20","1,078.60",983,485.47K
25/01/2018,1516838400,"1,048.20","1,061.80","1,102.40","1,025.10",567.30K
24/01/2018,1516752000,"1,063.20",982.11,"1,068.80",952.04,606.14K
23/01/2018,1516665600,982.98,995.26,"1,022.00",905.38,798.28K
22/01/2018,1516579200,995.08,"1,047.00","1,084.10",912.76,835.88K
21/01/2018,1516492800,"1,047.00","1,146.30","1,146.30","1,001.50",691.69K
20/01/2018,1516406400,"1,146.00","1,032.60","1,160.00","1,029.60",573.52K
19/01/2018,1516320000,"1,032.60",993.92,"1,079.00",960.1,612.19K
18/01/2018,1516233600,994.81,"1,020.10","1,079.00",940,1.31
17/01/2018,1516147200,"1,017.50","1,019.60","1,088.30",770.1,2.4
16/01/2018,1516060800,"1,020.10","1,275.80","1,278.80",868.98,2.35
15/01/2018,1515974400,"1,273.40","1,349.90","1,377.90","1,264.40",481.87K
14/01/2018,1515888000,"1,350.00","1,379.90","1,385.00","1,256.00",618.61K
13/01/2018,1515801600,"1,380.00","1,257.00","1,423.20","1,252.60",709.74K
12/01/2018,1515715200,"1,257.20","1,135.10","1,285.00","1,083.40",732.33K
11/01/2018,1515628800,"1,135.50","1,245.90","1,331.80","1,102.50",1.26
10/01/2018,1515542400,"1,248.00","1,285.70","1,381.90","1,203.20",1.33
09/01/2018,1515456000,"1,283.70","1,129.40","1,299.00","1,119.10",1.04
08/01/2018,1515369600,"1,129.30","1,115.90","1,225.00",968.12,1.54
07/01/2018,1515283200,"1,115.80","1,004.30","1,116.00",999.5,699.39K
06/01/2018,1515196800,"1,004.30",962.77,"1,014.20",951.38,447.26K
05/01/2018,1515110400,962.77,939.3,"1,023.60",930,1.04
04/01/2018,1515024000,940,942.01,997,893.24,1.22
03/01/2018,1514937600,942.01,858.78,954.73,840,1.09
02/01/2018,1514851200,858.78,752.46,890,752.46,1.47
01/01/2018,1514764800,752.46,736.77,762,717.94,425.46K
31/12/2017,1514678400,736.77,682.22,741.99,675.56,536.84K
30/12/2017,1514592000,682.22,731.52,737.56,640.43,936.94K
29/12/2017,1514505600,731.52,711.42,755,703.02,716.87K
28/12/2017,1514419200,711.42,736.45,740.3,652,893.82K
27/12/2017,1514332800,736.45,749.8,766.06,703.27,587.33K
26/12/2017,1514246400,749.8,709.81,749.8,708.83,521.74K
25/12/2017,1514160000,709.81,659.89,737,651.76,764.73K
24/12/2017,1514073600,659.89,672.59,675,560,1.09
23/12/2017,1513987200,672.59,628.19,717,616.19,842.43K
22/12/2017,1513900800,628.19,786.97,792,492.01,2.73
21/12/2017,1513814400,786.97,794.99,848.08,747.1,1.2
20/12/2017,1513728000,794.99,799.98,826.2,709,1.48
19/12/2017,1513641600,799.98,783.99,863,750.01,1.81
18/12/2017,1513555200,783.99,708.78,798.9,660,1.47
17/12/2017,1513468800,708.78,683.25,725,683.24,737.16K
16/12/2017,1513382400,683.25,678.29,711.96,672.51,703.29K
15/12/2017,1513296000,678.29,686.51,698.31,610,1.26
14/12/2017,1513209600,686.51,690.69,760,651,1.73
13/12/2017,1513123200,690.69,634.87,742,573,2.4
12/12/2017,1513036800,634.87,515.25,646.92,497.75,1.49
11/12/2017,1512950400,515.25,429.24,531.2,429.14,784.74K
10/12/2017,1512864000,429.24,460.92,460.92,413.3,875.79K
09/12/2017,1512777600,460.92,442.19,487.8,441,1.13
08/12/2017,1512691200,442.19,415.02,453.61,400.34,1.12
07/12/2017,1512604800,415.02,413.71,429,390,1.13
06/12/2017,1512518400,413.71,451.87,454.23,403,1.29
05/12/2017,1512432000,451.87,465,467.38,444.17,656.34K
04/12/2017,1512345600,465,459.49,471.06,439.27,431.18K
03/12/2017,1512259200,459.49,455.51,482.69,431.04,482.91K
02/12/2017,1512172800,455.51,460.67,472,447,473.67K
01/12/2017,1512086400,460.67,432.21,467,413.96,594.10K
30/11/2017,1512000000,432.21,420.34,454.95,385.4,785.98K
29/11/2017,1511913600,420.34,465.56,517,403.01,801.26K
28/11/2017,1511827200,465.56,473.44,479,457.2,538.34K
27/11/2017,1511740800,473.44,464,491.89,458.25,671.20K
26/11/2017,1511654400,464,464,464,464,-
25/11/2017,1511568000,464,469.89,481.99,454.4,589.72K
24/11/2017,1511481600,470.51,405.19,478.5,397.37,903.70K
23/11/2017,1511395200,405.19,380.48,426.27,374.34,925.00K
22/11/2017,1511308800,380.48,360,381.89,358.8,486.17K
21/11/2017,1511222400,360,367.94,373.5,350,696.99K
20/11/2017,1511136000,367.94,354.7,373.7,352.03,519.57K
19/11/2017,1511049600,354.7,346.68,371,343.28,618.02K
18/11/2017,1510963200,346.68,331,350.4,325.32,518.81K
17/11/2017,1510876800,331,331.16,335.01,325,530.71K
16/11/2017,1510790400,330.76,330.59,335.11,321.18,521.94K
15/11/2017,1510704000,330.59,334.28,339.61,321.5,584.66K
14/11/2017,1510617600,334.28,313.22,336.69,313.22,854.09K
13/11/2017,1510531200,313.22,303.9,318,302.4,696.37K
12/11/2017,1510444800,303.9,313.07,316.99,293.33,879.41K
11/11/2017,1510358400,313.07,296.18,319.88,294.7,604.70K
10/11/2017,1510272000,296.18,319.52,324.03,286,1.16
09/11/2017,1510185600,319.52,307.5,328.8,305,881.18K
08/11/2017,1510099200,307.5,291.42,318.9,290.11,1.17
07/11/2017,1510012800,291.42,296.9,304.2,285.01,757.80K
06/11/2017,1509926400,296.9,295.63,310,292,557.78K
05/11/2017,1509840000,295.63,299.48,301,292.28,345.21K
04/11/2017,1509753600,299.48,303.47,304.38,293,463.88K
03/11/2017,1509667200,303.47,284.89,307.36,284,760.96K
02/11/2017,1509580800,284.89,288.6,293.01,275.21,910.76K
01/11/2017,1509494400,288.6,303.69,305.11,287.04,538.44K
31/10/2017,1509408000,303.69,307,312,303.1,285.81K
30/10/2017,1509321600,307,304.39,314.4,303.93,301.72K
29/10/2017,1509235200,304.39,293.49,312.49,290.5,583.18K
28/10/2017,1509148800,293.49,295.99,297.01,288.6,245.78K
27/10/2017,1509062400,295.99,295.1,299.5,291.6,239.63K
26/10/2017,1508976000,295.1,295.46,299,290.55,207.77K
25/10/2017,1508889600,295.46,296.3,300,288.5,329.33K
24/10/2017,1508803200,296.3,284.85,311.85,280.02,758.33K
23/10/2017,1508716800,284.85,293.55,293.96,273.5,597.47K
22/10/2017,1508630400,293.55,299.23,305.62,289.4,334.09K
21/10/2017,1508544000,299.23,302.61,303,289.31,368.61K
20/10/2017,1508457600,302.61,306.97,313.01,301.04,415.81K
19/10/2017,1508371200,306.97,313.45,316.5,304,413.13K
18/10/2017,1508284800,313.45,315.65,316.21,287.46,885.21K
17/10/2017,1508198400,315.65,334.46,334.8,308,671.49K
16/10/2017,1508112000,334.46,337.23,355,330.85,945.25K
15/10/2017,1508025600,337.23,339.24,344.89,315,875.27K
14/10/2017,1507939200,339.24,337.46,348,334.05,528.58K
13/10/2017,1507852800,337.46,303.06,350,298,1.34
12/10/2017,1507766400,303.06,303.2,310.01,302.1,649.86K
11/10/2017,1507680000,303.2,299.32,306.55,296.6,407.08K
10/10/2017,1507593600,299.32,297.4,307,292.57,366.24K
09/10/2017,1507507200,297.4,309.82,311.16,287.03,630.80K
08/10/2017,1507420800,309.82,311.46,314.39,307.55,363.24K
07/10/2017,1507334400,311.46,308.43,315,304.5,409.62K
06/10/2017,1507248000,308.43,295.12,309.59,293.04,373.26K
05/10/2017,1507161600,295.12,291.4,297.92,285.12,317.81K
04/10/2017,1507075200,291.4,291.69,296,287.56,394.45K
03/10/2017,1506988800,291.69,296.82,300.5,285.93,452.02K
02/10/2017,1506902400,296.82,304.26,304.63,292.1,468.96K
01/10/2017,1506816000,304.26,303.44,305.57,295,385.33K
30/09/2017,1506729600,303.44,292.66,307.76,292.3,459.21K
29/09/2017,1506643200,292.66,302.63,303.9,280.5,966.41K
28/09/2017,1506556800,302.63,309.75,310.69,297.75,491.02K
27/09/2017,1506470400,309.75,289.28,315.51,286.93,748.36K
26/09/2017,1506384000,289.28,295.2,296.38,285.2,366.53K
25/09/2017,1506297600,295.2,282,297.93,281.8,652.31K
24/09/2017,1506211200,282,285.9,294.54,275.41,687.97K
23/09/2017,1506124800,285.9,262.19,287.2,259.01,570.42K
22/09/2017,1506038400,262.19,256.67,269.5,253.03,643.20K
21/09/2017,1505952000,256.67,283.5,287.53,251.52,1.03
20/09/2017,1505865600,283.5,282.63,294,277,512.32K
19/09/2017,1505779200,282.63,296.81,299,275,941.08K
18/09/2017,1505692800,296.81,257,299.89,257,1.33
17/09/2017,1505606400,257,253,263.69,239,685.70K
16/09/2017,1505520000,253,258.68,270,242.2,1.08
15/09/2017,1505433600,258.68,222.5,269,198,3.34
14/09/2017,1505347200,222.5,275.48,281.01,221.71,2.25
13/09/2017,1505260800,275.48,293.9,294.16,256,1.57
12/09/2017,1505174400,293.9,297.19,316.73,283,915.33K
11/09/2017,1505088000,297.19,297.9,308,287.33,609.03K
10/09/2017,1505001600,297.9,303.08,305,276.11,891.44K
09/09/2017,1504915200,303.08,304,307.08,291.46,594.28K
08/09/2017,1504828800,304,334.1,334.58,291,1.08
07/09/2017,1504742400,334.1,337.36,338.66,321.1,582.98K
06/09/2017,1504656000,337.36,316.18,339.5,314.81,805.38K
05/09/2017,1504569600,316.18,295.81,323.17,267.64,1.34
04/09/2017,1504483200,295.81,350.63,351.59,275,1.99
03/09/2017,1504396800,350.63,345,368.4,328.33,742.59K
02/09/2017,1504310400,345,390.35,390.77,325.1,1.08
01/09/2017,1504224000,390.35,387.3,395.03,383.6,461.31K
31/08/2017,1504137600,387.3,382.78,390,380.1,345.07K
30/08/2017,1504051200,382.78,372,390.1,365.1,660.23K
29/08/2017,1503964800,372,347.09,375.98,346.42,631.68K
28/08/2017,1503878400,347.09,348.01,352,332.74,389.24K
27/08/2017,1503792000,348.01,332.72,348.01,331.88,362.05K
26/08/2017,1503705600,332.72,328.7,334.6,324.5,315.62K
25/08/2017,1503619200,328.7,325.62,338.25,324.04,378.01K
24/08/2017,1503532800,325.62,316.5,329.56,314.14,326.98K
23/08/2017,1503446400,316.5,312.54,325,311.65,402.80K
22/08/2017,1503360000,312.54,322.24,329.96,285.01,857.28K
21/08/2017,1503273600,322.24,298.37,346.99,294.53,1.15
20/08/2017,1503187200,298.37,292.78,299,286.96,304.35K
19/08/2017,1503100800,292.78,292,298.51,280,554.28K
18/08/2017,1503014400,292,299,307,286,578.06K
17/08/2017,1502928000,299,301.34,312,297.01,465.80K
16/08/2017,1502841600,301.34,286,304,279.94,526.52K
15/08/2017,1502755200,286,298.22,299.91,272.29,629.18K
14/08/2017,1502668800,298.22,296.64,306.48,293.99,371.28K
13/08/2017,1502582400,296.64,307.22,308,285.21,582.97K
12/08/2017,1502496000,307.22,308.81,319.78,299,561.91K
11/08/2017,1502409600,308.81,295.97,310.42,294,455.52K
10/08/2017,1502323200,295.97,293.99,310.05,287.6,543.93K
09/08/2017,1502236800,293.99,295.83,316,277,1.4
08/08/2017,1502150400,295.83,269.51,299.5,265,726.47K
07/08/2017,1502064000,269.51,264.29,274.6,257.32,511.60K
06/08/2017,1501977600,264.29,253.87,271.5,251,734.52K
05/08/2017,1501891200,253.87,220.73,259.9,219.23,822.05K
04/08/2017,1501804800,220.73,224.79,228.3,218.66,292.12K
03/08/2017,1501718400,224.79,218,228.2,217.07,336.65K
02/08/2017,1501632000,218,225.97,229.7,215,558.15K
01/08/2017,1501545600,225.97,200.81,232.59,200.8,1.23
31/07/2017,1501459200,200.81,195.31,201.5,188.12,444.15K
30/07/2017,1501372800,195.31,206.76,210.76,192.21,522.57K
29/07/2017,1501286400,206.76,191.2,213,176.95,866.05K
28/07/2017,1501200000,191.2,202.54,204.19,188.1,493.90K
27/07/2017,1501113600,202.54,203.33,207,197.86,410.96K
26/07/2017,1501027200,203.33,202.7,209.59,191.76,685.64K
25/07/2017,1500940800,202.7,226.59,227.69,190.49,1.08
24/07/2017,1500854400,226.59,228.15,232.56,223.64,355.76K
23/07/2017,1500768000,228.15,232.01,236.57,219,410.73K
22/07/2017,1500681600,232.01,216.11,237.19,214.35,556.21K
21/07/2017,1500595200,216.11,227.29,239,208,853.87K
20/07/2017,1500508800,227.29,194.63,238,194.63,2.11
19/07/2017,1500422400,194.63,226.56,245.61,187,2.33
18/07/2017,1500336000,226.56,190.16,258,177.5,2.52
17/07/2017,1500249600,190.16,157.4,190.61,155,1.45
16/07/2017,1500163200,157.4,170.15,172.7,136.12,2.11
15/07/2017,1500076800,170.15,196.49,197.8,169.82,694.52K
14/07/2017,1499990400,196.49,205,207.76,179.58,971.73K
13/07/2017,1499904000,205,223.92,224.99,189.46,842.98K
12/07/2017,1499817600,223.92,188.63,225,177.78,1.09
11/07/2017,1499731200,188.63,202,215,169,1.56
10/07/2017,1499644800,202,234.97,238.01,187.5,1.01
09/07/2017,1499558400,234.97,245.23,249,234.15,201.47K
08/07/2017,1499472000,245.23,238.38,246.66,226.68,365.16K
07/07/2017,1499385600,238.38,265.35,265.8,233.84,496.51K
06/07/2017,1499299200,265.35,264.77,273,258.37,240.42K
05/07/2017,1499212800,264.77,266.68,272.12,249.53,436.76K
04/07/2017,1499126400,266.68,273.99,283,260,425.00K
03/07/2017,1499040000,273.99,277.64,283.98,266.45,336.35K
02/07/2017,1498953600,277.64,255,285.91,242.81,488.52K
01/07/2017,1498867200,255,275.62,277.63,238,716.32K
30/06/2017,1498780800,275.62,285.3,301.9,267.35,386.78K
29/06/2017,1498694400,285.3,311.62,318.27,276,620.08K
28/06/2017,1498608000,311.62,279,318.27,255,910.35K
27/06/2017,1498521600,279,251.3,279,204.11,1.09
26/06/2017,1498435200,251.3,277,286.85,214.99,1.36
25/06/2017,1498348800,277,296.89,306.39,253.2,508.55K
24/06/2017,1498262400,296.89,324.37,327.55,291.53,195.47K
23/06/2017,1498176000,324.37,320.94,329.9,316.36,105.60K
22/06/2017,1498089600,320.94,321.66,328.99,305,351.82K
21/06/2017,1498003200,321.66,344.15,348.5,287.11,642.80K
20/06/2017,1497916800,344.15,355.5,366.52,328,342.67K
19/06/2017,1497830400,355.5,348.88,362.5,344.13,174.45K
18/06/2017,1497744000,348.88,364.56,377.46,336.89,283.22K
17/06/2017,1497657600,364.56,348.44,366.08,332,219.77K
16/06/2017,1497571200,348.44,338.7,355.51,305.22,347.87K
15/06/2017,1497484800,338.7,335.95,344,265,1.15
14/06/2017,1497398400,335.95,382.7,385.73,315,593.56K
13/06/2017,1497312000,382.7,386.9,395,345.61,442.31K
12/06/2017,1497225600,386.9,336.33,412.21,297,1.17
11/06/2017,1497139200,336.33,325.88,347,310,503.72K
10/06/2017,1497052800,325.88,278.41,341.94,278.26,564.75K
09/06/2017,1496966400,278.41,256.95,279.9,256.95,271.54K
08/06/2017,1496880000,256.95,250.7,258.93,242.04,147.19K
07/06/2017,1496793600,250.7,261.89,263.7,241.01,253.51K
06/06/2017,1496707200,261.89,242.16,264.99,238.23,412.07K
05/06/2017,1496620800,242.16,241.06,244.29,231.72,202.57K
04/06/2017,1496534400,241.06,217.01,245.98,216.1,375.99K
03/06/2017,1496448000,217.01,214.77,217.99,210.01,96.06K
02/06/2017,1496361600,214.77,211.4,219.21,208.23,152.45K
01/06/2017,1496275200,211.4,218.34,227.32,196,453.56K
31/05/2017,1496188800,218.34,224.69,230.55,200.9,584.48K
30/05/2017,1496102400,224.69,189.99,229.98,182,757.87K
29/05/2017,1496016000,189.99,161.91,191.3,155.01,472.38K
28/05/2017,1495929600,161.91,149.99,172.79,149.66,643.59K
27/05/2017,1495843200,149.99,152.8,161,110.42,1.26
26/05/2017,1495756800,152.8,168.71,187,143.64,649.59K
25/05/2017,1495670400,168.71,183.88,206.06,155,862.96K
24/05/2017,1495584000,183.88,168.24,197.41,166.33,645.09K
23/05/2017,1495497600,168.24,154.92,174.3,148.6,507.16K
22/05/2017,1495411200,154.92,146.14,190,136.8,1.65
21/05/2017,1495324800,146.14,123.03,146.4,122.32,769.98K
20/05/2017,1495238400,123.03,124.4,128.95,119.54,429.97K
19/05/2017,1495152000,124.4,98.6,129.25,98.31,900.72K
18/05/2017,1495065600,98.6,89.67,98.89,89.42,437.25K
17/05/2017,1494979200,89.67,88.17,90.93,83.77,174.84K
16/05/2017,1494892800,88.17,92.56,93.48,85.43,193.41K
15/05/2017,1494806400,92.56,90.37,95.17,90.37,403.46K
14/05/2017,1494720000,90.37,89.9,91.92,88.11,173.21K
13/05/2017,1494633600,89.9,86.99,89.99,84.5,106.01K
12/05/2017,1494547200,86.99,89.38,92,83.85,283.23K
11/05/2017,1494460800,89.38,88.33,91.5,87.35,210.47K
10/05/2017,1494374400,88.33,88.94,92.46,86.6,195.51K
09/05/2017,1494288000,88.94,88.97,91.1,77.76,703.65K
08/05/2017,1494201600,88.97,94.21,95.48,88.11,349.34K
07/05/2017,1494115200,94.21,96.65,98,90.89,219.19K
06/05/2017,1494028800,96.65,91.5,96.84,90.53,243.52K
05/05/2017,1493942400,91.5,99.2,101.7,88.2,718.17K
04/05/2017,1493856000,99.2,85.79,99.78,84.61,822.13K
03/05/2017,1493769600,85.79,82.01,86.62,81,357.12K
02/05/2017,1493683200,82.01,81.4,85.18,79.49,361.70K
01/05/2017,1493596800,81.4,83.51,88.1,66,1.26
30/04/2017,1493510400,83.51,73.55,84,72.6,492.64K
29/04/2017,1493424000,73.55,76,77.6,71.2,474.76K
28/04/2017,1493337600,76,68,77.4,66,959.41K
27/04/2017,1493251200,68,57.31,68,56.92,526.52K
26/04/2017,1493164800,57.31,53.9,58.38,53.66,530.34K
25/04/2017,1493078400,53.9,53.54,54.21,53.25,97.44K
24/04/2017,1492992000,53.54,53.33,54.48,53,202.96K
23/04/2017,1492905600,53.33,52.15,54.44,51.75,186.86K
22/04/2017,1492819200,52.15,51.37,52.78,51.03,125.32K
21/04/2017,1492732800,51.37,51.96,52.27,51.1,156.43K
20/04/2017,1492646400,51.96,49.66,52.45,48.6,347.61K
19/04/2017,1492560000,49.66,52.42,53,45,460.60K
18/04/2017,1492473600,52.42,49.52,53,49.07,643.62K
17/04/2017,1492387200,49.52,49.58,50.27,48.88,170.64K
16/04/2017,1492300800,49.58,49.71,49.9,48.87,64.04K
15/04/2017,1492214400,49.71,48.5,50.48,47.95,332.29K
14/04/2017,1492128000,48.5,50.65,50.65,47.34,394.47K
13/04/2017,1492041600,50.65,46.85,51.51,46.85,520.86K
12/04/2017,1491955200,46.85,44.21,48.47,43.84,537.21K
11/04/2017,1491868800,44.21,44.17,44.8,43.8,113.37K
10/04/2017,1491782400,44.17,43.94,44.76,43.01,218.12K
09/04/2017,1491696000,43.94,44.51,44.86,43.18,177.31K
08/04/2017,1491609600,44.51,42.25,45.76,42.25,363.84K
07/04/2017,1491523200,42.25,43.11,44.53,41.78,277.52K
06/04/2017,1491436800,43.11,45.35,46.03,41.25,649.41K
05/04/2017,1491350400,45.35,44.41,47.53,44.19,564.40K
04/04/2017,1491264000,44.41,44.28,45.69,41.05,762.88K
03/04/2017,1491177600,44.28,48.6,48.6,42.77,1.17
02/04/2017,1491091200,48.6,50.59,51.59,47.7,784.60K
01/04/2017,1491004800,50.59,49.72,51.87,48.7,386.43K
31/03/2017,1490918400,49.72,51.62,51.83,46.82,784.70K
30/03/2017,1490832000,51.62,52.88,53.28,50.75,373.98K
29/03/2017,1490745600,52.88,50.16,54.3,49.4,685.32K
28/03/2017,1490659200,50.16,48.93,50.6,47.95,453.92K
27/03/2017,1490572800,48.93,50.46,52.01,47.67,389.87K
26/03/2017,1490486400,50.46,50.75,51.8,46.55,461.99K
25/03/2017,1490400000,50.75,54.01,54.9,47.46,1.15
24/03/2017,1490313600,54.01,43.14,58.99,42.5,1.64
23/03/2017,1490227200,43.14,41.46,44.75,40.22,523.65K
22/03/2017,1490140800,41.46,42.45,42.95,38.51,488.53K
21/03/2017,1490054400,42.45,42.06,43.7,41.15,462.96K
20/03/2017,1489968000,42.06,43.17,45.13,39.47,875.00K
19/03/2017,1489881600,43.17,34.2,45.69,34.1,1.69
18/03/2017,1489795200,34.2,44.65,44.99,31.1,2.12
17/03/2017,1489708800,44.65,45.07,51.88,32.84,3.39
16/03/2017,1489622400,45.07,34.8,46.21,34.8,3.06
15/03/2017,1489536000,34.8,28.66,34.8,28.36,1.36
14/03/2017,1489449600,28.66,28.4,29.93,27,701.89K
13/03/2017,1489363200,28.4,23.2,30.6,23.2,1.78
12/03/2017,1489276800,23.2,21.3,23.23,21.05,786.85K
11/03/2017,1489190400,21.3,19.18,21.45,18.83,661.77K
10/03/2017,1489104000,19.18,17.75,19.7,16.5,824.86K
09/03/2017,1489017600,17.75,16.51,18,16.25,281.60K
08/03/2017,1488931200,16.51,18.88,18.88,16.51,562.05K
07/03/2017,1488844800,18.88,19.51,19.67,18.5,228.66K
06/03/2017,1488758400,19.51,19.35,20.23,19.14,316.91K
05/03/2017,1488672000,19.35,18.5,19.45,18.15,226.39K
04/03/2017,1488585600,18.5,19.49,20,18.4,331.95K
03/03/2017,1488499200,19.49,19.02,20.73,18.43,981.00K
02/03/2017,1488412800,19.02,17.43,19.45,16.3,903.09K
01/03/2017,1488326400,17.43,15.86,17.49,15.62,343.43K
28/02/2017,1488240000,15.86,15.5,16.23,15.18,616.60K
27/02/2017,1488153600,15.5,14.57,15.75,14.3,469.29K
26/02/2017,1488067200,14.57,13.55,14.66,13.3,284.67K
25/02/2017,1487980800,13.55,13.11,13.8,13.05,223.07K
24/02/2017,1487894400,13.11,13.27,13.31,12.7,145.36K
23/02/2017,1487808000,13.27,12.68,13.37,12.6,168.68K
22/02/2017,1487721600,12.68,12.82,12.85,12.6,47.57K
21/02/2017,1487635200,12.82,12.4,12.89,12.25,174.10K
20/02/2017,1487548800,12.4,12.8,12.91,12.4,91.26K
19/02/2017,1487462400,12.8,12.79,12.94,12.7,54.51K
18/02/2017,1487376000,12.79,12.76,12.9,12.7,67.30K
17/02/2017,1487289600,12.76,12.92,12.92,12.6,86.68K
16/02/2017,1487203200,12.92,12.92,12.99,12.57,116.46K
15/02/2017,1487116800,12.92,13.02,13.15,12.59,302.77K
14/02/2017,1487030400,12.96,11.32,13.4,11.32,613.95K
13/02/2017,1486944000,11.35,11.33,11.37,11.05,59.34K
12/02/2017,1486857600,11.26,11.33,11.4,11.22,35.22K
11/02/2017,1486771200,11.33,11.27,11.38,11.13,73.26K
10/02/2017,1486684800,11.3,10.95,11.39,10.75,141.08K
09/02/2017,1486598400,10.9,11.35,11.51,10.41,205.68K
08/02/2017,1486512000,11.35,11.45,11.6,11,78.89K
07/02/2017,1486425600,11.41,11.31,11.5,11.25,116.31K
06/02/2017,1486339200,11.32,11.18,11.33,11.12,69.66K
05/02/2017,1486252800,11.18,11.32,11.37,11.05,48.07K
04/02/2017,1486166400,11.32,11,11.4,11,158.07K
03/02/2017,1486080000,10.93,10.78,10.93,10.55,102.56K
02/02/2017,1485993600,10.8,10.71,10.84,10.53,149.42K
01/02/2017,1485907200,10.71,10.71,10.77,10.41,113.79K
31/01/2017,1485820800,10.71,10.5,10.74,10.38,250.34K
30/01/2017,1485734400,10.53,10.44,10.69,10.38,107.00K
29/01/2017,1485648000,10.46,10.49,10.51,10.38,38.28K
28/01/2017,1485561600,10.51,10.5,10.54,10.35,102.56K
27/01/2017,1485475200,10.5,10.52,10.58,10.36,61.25K
26/01/2017,1485388800,10.63,10.49,10.63,10.43,84.72K
25/01/2017,1485302400,10.48,10.52,10.58,10.35,26.19K
24/01/2017,1485216000,10.5,10.58,10.75,10.46,105.21K
23/01/2017,1485129600,10.77,10.64,10.83,10.59,54.39K
22/01/2017,1485043200,10.64,10.91,10.98,10.34,140.66K
21/01/2017,1484956800,10.95,10.64,11.09,10.56,125.31K
20/01/2017,1484870400,10.62,10.38,10.75,10.3,63.55K
19/01/2017,1484784000,10.38,10.31,10.51,10.15,50.64K
18/01/2017,1484697600,10.19,10.3,10.49,9.74,99.39K
17/01/2017,1484611200,10.12,9.54,10.6,9.53,237.84K
16/01/2017,1484524800,9.61,9.72,9.78,9.55,16.03K
15/01/2017,1484438400,9.81,9.67,9.83,9.6,16.89K
14/01/2017,1484352000,9.67,9.72,9.87,9.51,17.44K
13/01/2017,1484265600,9.67,9.83,9.83,9.39,39.76K
12/01/2017,1484179200,9.83,9.48,10.04,9.08,120.95K
11/01/2017,1484092800,9.79,10.61,10.7,9.41,159.09K
10/01/2017,1484006400,10.61,10.43,10.75,10.2,96.97K
09/01/2017,1483920000,10.26,10.43,10.84,9.5,165.98K
08/01/2017,1483833600,10.28,9.8,10.48,9.8,116.55K
07/01/2017,1483747200,9.84,10.09,10.19,9.48,107.33K
06/01/2017,1483660800,10.08,10.23,10.4,9.47,144.69K
05/01/2017,1483574400,10.15,11.16,11.7,9.2,490.64K
04/01/2017,1483488000,11,9.57,11.1,9.44,556.25K
03/01/2017,1483401600,9.74,8.43,9.9,8.3,603.42K
02/01/2017,1483315200,8.37,8.19,8.5,8.11,101.27K
01/01/2017,1483228800,8.2,8.17,8.59,8.03,144.92K
31/12/2016,1483142400,8,8.17,8.35,8,200.24K
30/12/2016,1483056000,8.16,8.27,8.5,8.05,56.74K
29/12/2016,1482969600,8.27,7.62,8.6,7.62,291.60K
28/12/2016,1482883200,7.58,7.2,7.76,7.1,177.26K
27/12/2016,1482796800,7.12,7.27,7.33,7.08,40.80K
26/12/2016,1482710400,7.27,7.11,7.35,7.05,78.87K
25/12/2016,1482624000,7.23,7.25,7.32,7.17,16.44K
24/12/2016,1482537600,7.25,7.11,7.35,7.11,56.77K
23/12/2016,1482451200,7.16,7.55,7.68,7.11,139.04K
22/12/2016,1482364800,7.61,7.84,7.84,7.46,118.35K
21/12/2016,1482278400,7.89,7.68,7.96,7.64,52.44K
20/12/2016,1482192000,7.61,7.63,7.75,7.55,55.33K
19/12/2016,1482105600,7.58,7.93,7.93,7.58,26.01K
18/12/2016,1482019200,7.93,7.88,7.94,7.74,21.50K
17/12/2016,1481932800,7.73,7.86,7.9,7.47,147.34K
16/12/2016,1481846400,7.86,7.86,7.96,7.77,56.48K
15/12/2016,1481760000,7.83,8.16,8.23,7.71,145.04K
14/12/2016,1481673600,8.21,8.44,8.49,8.2,14.71K
13/12/2016,1481587200,8.36,8.49,8.49,8.3,21.60K
12/12/2016,1481500800,8.45,8.19,8.63,8.09,81.63K
11/12/2016,1481414400,8.19,8.14,8.25,8,22.61K
10/12/2016,1481328000,8.12,8.42,8.55,7.94,35.85K
09/12/2016,1481241600,8.52,8.1,8.65,8.02,54.71K
08/12/2016,1481155200,8.3,8.35,8.84,8.24,170.04K
07/12/2016,1481068800,8.33,7.6,8.7,7.27,161.04K
06/12/2016,1480982400,7.71,6.68,7.88,5.86,607.54K
05/12/2016,1480896000,6.7,7.4,7.57,6.5,256.00K
04/12/2016,1480809600,7.55,7.85,7.91,7.42,34.39K
03/12/2016,1480723200,7.91,7.76,8.1,7.64,195.76K
02/12/2016,1480636800,7.7,8.43,8.43,7.1,490.14K
01/12/2016,1480550400,8.46,8.61,8.61,8.36,95.25K
30/11/2016,1480464000,8.62,8.16,8.76,8.11,124.27K
29/11/2016,1480377600,8.16,8.7,8.74,7.74,188.40K
28/11/2016,1480291200,8.7,8.97,9.02,8.65,41.96K
27/11/2016,1480204800,8.88,9.33,9.33,8.7,62.34K
26/11/2016,1480118400,9.33,9.38,9.53,9.22,14.11K
25/11/2016,1480032000,9.38,9.17,9.69,9.17,60.92K
24/11/2016,1479945600,9.2,9.69,9.85,8.7,118.31K
23/11/2016,1479859200,9.69,9.89,9.92,9.68,27.92K
22/11/2016,1479772800,9.84,9.61,10.26,9.54,102.99K
21/11/2016,1479686400,9.61,9.54,9.68,9.51,8.65K
20/11/2016,1479600000,9.57,9.68,9.76,9.49,29.01K
19/11/2016,1479513600,9.73,9.54,9.86,9.48,62.93K
18/11/2016,1479427200,9.52,9.96,10.03,9.46,57.23K
17/11/2016,1479340800,9.99,10.02,10.27,9.9,103.19K
16/11/2016,1479254400,10.02,10.19,10.5,9.93,116.69K
15/11/2016,1479168000,10.27,10,10.41,9.72,52.59K
14/11/2016,1479081600,10,10.08,10.19,9.96,17.17K
13/11/2016,1478995200,10.08,10.01,10.37,9.68,31.68K
12/11/2016,1478908800,10.01,10.27,10.32,9.7,64.35K
11/11/2016,1478822400,10.27,10.54,10.58,10.26,17.38K
10/11/2016,1478736000,10.54,10.66,10.69,10.52,7.61K
09/11/2016,1478649600,10.72,10.92,10.92,10.2,80.20K
08/11/2016,1478563200,10.92,10.88,11.21,10.79,63.48K
07/11/2016,1478476800,10.88,10.91,11.1,10.85,83.63K
06/11/2016,1478390400,10.91,11.15,11.27,10.91,10.86K
05/11/2016,1478304000,11.17,11.23,11.24,10.99,18.15K
04/11/2016,1478217600,11.21,10.86,11.24,10.85,49.91K
03/11/2016,1478131200,10.86,10.94,11.18,10.81,106.82K
02/11/2016,1478044800,10.86,10.81,11.25,10.76,91.37K
01/11/2016,1477958400,10.81,10.96,11.21,10.41,129.67K
31/10/2016,1477872000,10.96,11.28,11.5,10.88,134.67K
30/10/2016,1477785600,11.28,10.38,11.53,10.31,88.77K
29/10/2016,1477699200,10.38,11.15,11.26,9.5,288.19K
28/10/2016,1477612800,11.15,11.57,11.7,10.85,191.96K
27/10/2016,1477526400,11.57,11.5,11.66,11.23,110.49K
26/10/2016,1477440000,11.5,11.36,11.72,11.36,67.67K
25/10/2016,1477353600,11.36,11.99,12,11.12,112.86K
24/10/2016,1477267200,11.99,12.07,12.23,11.98,48.14K
23/10/2016,1477180800,12.07,12.25,12.26,11.99,32.34K
22/10/2016,1477094400,12.29,12.16,12.37,12.08,20.75K
21/10/2016,1477008000,12.16,12.1,12.2,12.09,17.73K
20/10/2016,1476921600,12.09,11.99,12.32,11.99,86.20K
19/10/2016,1476835200,11.99,12.54,12.62,11.95,130.47K
18/10/2016,1476748800,12.54,12,12.91,11.98,238.07K
17/10/2016,1476662400,12,11.98,12.03,11.81,90.21K
16/10/2016,1476576000,11.98,12.01,12.06,11.92,20.47K
15/10/2016,1476489600,12.01,11.96,12.05,11.83,40.42K
14/10/2016,1476403200,11.93,12.07,12.1,11.9,23.54K
13/10/2016,1476316800,12.07,11.72,12.12,11.72,61.29K
12/10/2016,1476230400,11.72,11.84,12.06,11.68,132.18K
11/10/2016,1476144000,11.78,11.76,12.33,11.76,123.36K
10/10/2016,1476057600,11.73,12.03,12.09,11.6,298.65K
09/10/2016,1475971200,12.01,12.26,12.56,11.99,166.94K
08/10/2016,1475884800,12.26,12.73,12.76,12,131.49K
07/10/2016,1475798400,12.69,12.84,13,12.56,75.19K
06/10/2016,1475712000,12.84,13.11,13.15,12.62,63.15K
05/10/2016,1475625600,13.11,13.33,13.39,13.08,62.14K
04/10/2016,1475539200,13.33,13.44,13.5,13.22,67.87K
03/10/2016,1475452800,13.44,13.22,13.5,13.17,25.57K
02/10/2016,1475366400,13.16,13.18,13.33,13,51.87K
01/10/2016,1475280000,13.18,13.25,13.31,13.05,46.90K
30/09/2016,1475193600,13.3,13.1,13.43,13.05,45.49K
29/09/2016,1475107200,13.1,13.25,13.33,13.07,53.46K
28/09/2016,1475020800,13.25,13.08,13.49,13.04,60.21K
27/09/2016,1474934400,13.08,12.9,13.27,12.85,72.70K
26/09/2016,1474848000,12.9,13.14,13.14,12.81,59.60K
25/09/2016,1474761600,13.05,12.86,13.2,12.77,39.82K
24/09/2016,1474675200,12.86,13.39,13.47,12.71,77.54K
23/09/2016,1474588800,13.36,13.3,13.5,13.1,25.35K
22/09/2016,1474502400,13.17,13.65,13.7,12.47,270.59K
21/09/2016,1474416000,13.74,14.3,14.35,13.16,205.50K
20/09/2016,1474329600,14.45,13.15,15.4,13.08,311.67K
19/09/2016,1474243200,12.9,12.49,13.1,12.48,99.47K
18/09/2016,1474156800,12.32,12.73,13.1,12.26,351.07K
17/09/2016,1474070400,12.8,12.6,12.87,12.51,37.37K
16/09/2016,1473984000,12.68,12,12.82,11.99,194.02K
15/09/2016,1473897600,12.01,11.94,12.41,11.91,275.08K
14/09/2016,1473811200,11.94,12.01,12.33,11.91,137.28K
13/09/2016,1473724800,12.01,12,12.55,11.86,529.70K
12/09/2016,1473638400,12,11.8,12.05,11.67,61.67K
11/09/2016,1473552000,11.68,12.13,12.3,11.6,137.76K
10/09/2016,1473465600,12.13,11.72,12.18,11.58,89.50K
09/09/2016,1473379200,11.68,11.45,11.9,11.4,201.86K
08/09/2016,1473292800,11.45,11.64,11.96,11.26,74.77K
07/09/2016,1473206400,11.64,11.73,11.82,11.6,24.16K
06/09/2016,1473120000,11.73,11.85,11.92,11.45,83.93K
05/09/2016,1473033600,11.85,11.73,11.92,11.65,35.55K
04/09/2016,1472947200,11.73,11.88,11.96,11.6,51.04K
03/09/2016,1472860800,12.01,12.13,12.43,11.65,87.38K
02/09/2016,1472774400,12.13,12.22,12.38,11.91,60.24K
01/09/2016,1472688000,12.22,11.66,12.6,11.61,82.45K
31/08/2016,1472601600,11.63,11.33,11.63,11.17,39.51K
30/08/2016,1472515200,11.29,11.03,11.39,10.94,42.08K
29/08/2016,1472428800,10.93,10.94,11.18,10.78,63.32K
28/08/2016,1472342400,10.94,11.11,11.16,10.92,35.30K
27/08/2016,1472256000,11.2,11.26,11.26,11.13,8.96K
26/08/2016,1472169600,11.22,11.39,11.42,11.13,30.15K
25/08/2016,1472083200,11.39,10.98,11.39,10.97,82.80K
24/08/2016,1471996800,10.98,11.03,11.2,10.96,37.43K
23/08/2016,1471910400,10.99,11.14,11.28,10.9,64.41K
22/08/2016,1471824000,11.14,11.2,11.36,11,81.73K
21/08/2016,1471737600,11.13,11.26,11.3,10.93,49.47K
20/08/2016,1471651200,11.26,10.69,11.3,10.68,190.53K
19/08/2016,1471564800,10.68,10.69,10.76,10.61,139.95K
18/08/2016,1471478400,10.69,10.72,10.97,10.66,162.11K
17/08/2016,1471392000,10.72,11.07,11.07,10.65,456.39K
16/08/2016,1471305600,11.07,11.15,11.17,10.83,65.95K
15/08/2016,1471219200,11.09,11.16,11.28,10.88,140.55K
14/08/2016,1471132800,11.16,11.48,11.67,11,188.63K
13/08/2016,1471046400,11.48,11.69,11.76,11.4,138.26K
12/08/2016,1470960000,11.67,11.71,11.99,11.57,254.56K
11/08/2016,1470873600,11.64,11.9,12.1,11.57,339.86K
10/08/2016,1470787200,12.07,11.99,12.33,11.86,383.91K
09/08/2016,1470700800,10.16,10.16,10.16,10.16,-
08/08/2016,1470614400,10.16,10.16,10.16,10.16,-
07/08/2016,1470528000,10.16,10.16,10.16,10.16,-
06/08/2016,1470441600,10.16,10.16,10.16,10.16,-
05/08/2016,1470355200,10.16,10.16,10.16,10.16,-
04/08/2016,1470268800,10.16,10.16,10.16,10.16,-
03/08/2016,1470182400,10.16,10.16,10.16,10.16,-
02/08/2016,1470096000,10.16,11.04,11.2,9.9,882.66K
01/08/2016,1470009600,11.08,12,12.04,11.08,318.87K
31/07/2016,1469923200,11.86,12.45,12.55,11.3,419.36K
30/07/2016,1469836800,12.52,12.85,12.85,12.47,171.50K
29/07/2016,1469750400,12.9,12.87,12.94,12.6,183.46K
28/07/2016,1469664000,12.87,12.93,13,12.54,300.44K
27/07/2016,1469577600,13.03,12.01,13.28,11.78,377.97K
26/07/2016,1469491200,12.01,13.55,13.86,11.91,1.36
25/07/2016,1469404800,13.8,12.86,13.8,12.75,742.81K
24/07/2016,1469318400,12.65,14.33,14.44,12.17,1.65
23/07/2016,1469232000,14.25,14.55,14.85,13.9,638.42K
22/07/2016,1469145600,14.67,12.67,15.15,12.53,1.57
21/07/2016,1469059200,12.55,12.52,12.75,12.03,534.75K
20/07/2016,1468972800,12.48,11.7,13.04,11.55,1.65
19/07/2016,1468886400,11.75,11.09,12.24,11.07,678.52K
18/07/2016,1468800000,11.04,11.31,11.75,11.01,252.34K
17/07/2016,1468713600,11.24,11.72,11.74,11.02,575.47K
16/07/2016,1468627200,11.72,11.95,12.05,11.72,127.93K
15/07/2016,1468540800,11.93,11.5,12.55,11.37,600.62K
14/07/2016,1468454400,11.6,10.7,11.79,10.69,419.07K
13/07/2016,1468368000,10.47,10.55,10.6,10.43,62.85K
12/07/2016,1468281600,10.55,10.48,10.8,10.4,143.68K
11/07/2016,1468195200,10.51,10.95,11.09,10.2,287.84K
10/07/2016,1468108800,10.95,10.83,11.02,10.74,75.85K
09/07/2016,1468022400,10.9,11.37,11.43,10.4,431.16K
08/07/2016,1467936000,11.31,10.16,11.65,9.9,533.97K
07/07/2016,1467849600,10.14,10.58,10.67,9.73,291.46K
06/07/2016,1467763200,10.55,10.37,11.12,10.22,327.60K
05/07/2016,1467676800,10.53,11.42,11.49,9.35,1.12
04/07/2016,1467590400,11.42,11.65,11.85,11.35,147.79K
03/07/2016,1467504000,11.78,12.06,12.11,11.56,196.78K
02/07/2016,1467417600,12.14,12.17,12.2,11.95,86.17K
01/07/2016,1467331200,12.35,12.5,12.58,11.74,302.72K
30/06/2016,1467244800,12.5,12.64,12.88,12.2,213.19K
29/06/2016,1467158400,12.77,12.08,13.05,11.57,427.25K
28/06/2016,1467072000,12.22,13.95,14.07,11.51,896.16K
27/06/2016,1466985600,13.96,13.71,14.19,13.68,135.03K
26/06/2016,1466899200,13.75,14.22,14.4,13.53,213.87K
25/06/2016,1466812800,14.31,14.39,14.84,13.91,262.84K
24/06/2016,1466726400,14.29,13.76,14.46,13.1,551.44K
23/06/2016,1466640000,13.75,13.26,14,12.5,521.61K
22/06/2016,1466553600,13.25,13.75,15.9,12.95,1.83
21/06/2016,1466467200,12.94,11.67,12.98,11.2,644.71K
20/06/2016,1466380800,11.9,12.33,12.49,10.51,1.11
19/06/2016,1466294400,12.43,10.76,13.36,10.55,1.14
18/06/2016,1466208000,11.41,15.19,15.3,10.13,3.04
17/06/2016,1466121600,15.61,20.86,21.69,11.51,4.72
16/06/2016,1466035200,20.7,18.61,21.1,18.44,1.02
15/06/2016,1465948800,18.45,18.7,18.75,17.55,365.42K
14/06/2016,1465862400,18.73,17.65,19.41,16,1.17
13/06/2016,1465776000,17.73,15.75,17.91,15.7,896.99K
12/06/2016,1465689600,15.8,14.3,16.09,14.25,550.47K
11/06/2016,1465603200,14.15,13.95,14.28,13.81,109.42K
10/06/2016,1465516800,13.97,14.44,14.46,13.56,220.15K
09/06/2016,1465430400,14.45,14.51,14.7,14.37,64.98K
08/06/2016,1465344000,14.49,14.6,14.89,14.3,257.01K
07/06/2016,1465257600,14.5,13.94,14.7,13.88,199.89K
06/06/2016,1465171200,14.03,14,14.19,13.8,105.55K
05/06/2016,1465084800,13.95,13.75,13.97,13.69,54.66K
04/06/2016,1464998400,13.81,13.9,13.9,13.4,139.12K
03/06/2016,1464912000,13.84,13.82,13.99,13.42,200.81K
02/06/2016,1464825600,13.8,13.94,14.03,13.61,155.53K
01/06/2016,1464739200,13.85,14.07,14.3,13.46,289.63K
31/05/2016,1464652800,14.01,12.78,14.28,12.6,517.98K
30/05/2016,1464566400,12.72,12.44,12.81,12.3,122.98K
29/05/2016,1464480000,12.41,11.8,12.89,11.78,455.11K
28/05/2016,1464393600,11.98,10.99,12.5,10.38,587.07K
27/05/2016,1464307200,11.12,12.4,12.43,10.53,645.84K
26/05/2016,1464220800,12.48,12.52,13.07,12.13,215.64K
25/05/2016,1464134400,12.49,12.84,12.99,11.8,247.58K
24/05/2016,1464048000,12.73,13.38,13.82,12,437.47K
23/05/2016,1463961600,13.42,14.21,14.49,13.32,170.09K
22/05/2016,1463875200,14.21,14.06,14.51,13.62,118.19K
21/05/2016,1463788800,14,13.6,14,13.01,209.03K
20/05/2016,1463702400,13.79,14.74,14.89,13.31,338.69K
19/05/2016,1463616000,14.58,13.4,14.65,13.2,393.14K
18/05/2016,1463529600,13.35,12.28,14.4,12.21,420.07K
17/05/2016,1463443200,12.08,11.15,12.6,11.1,540.97K
16/05/2016,1463356800,11.09,10.01,11.47,10,257.21K
15/05/2016,1463270400,9.97,10.25,10.42,9.93,42.73K
14/05/2016,1463184000,10.16,10.6,10.75,9.71,121.86K
13/05/2016,1463097600,10.6,10.09,11.11,10.08,194.28K
12/05/2016,1463011200,10.04,9.92,10.47,9.79,142.19K
11/05/2016,1462924800,9.89,9.38,9.98,9.3,110.31K
10/05/2016,1462838400,9.38,9.31,9.47,9.28,18.32K
09/05/2016,1462752000,9.32,9.51,9.65,9.25,77.29K
08/05/2016,1462665600,9.5,9.41,9.64,9,80.09K
07/05/2016,1462579200,9.35,9.45,9.64,9.2,31.39K
06/05/2016,1462492800,9.35,9.85,9.98,9.12,92.42K
05/05/2016,1462406400,9.79,9.4,10,9.3,62.44K
04/05/2016,1462320000,9.46,9.38,10,9.25,74.70K
03/05/2016,1462233600,9.34,10.01,10.01,9.18,128.32K
02/05/2016,1462147200,10,8.83,10.3,8.79,295.38K
01/05/2016,1462060800,8.75,8.74,9,8.35,71.99K
30/04/2016,1461974400,8.87,7.45,9.36,7.45,267.97K
29/04/2016,1461888000,7.52,7.23,7.72,7.19,51.16K
28/04/2016,1461801600,7.33,7.73,7.87,7.25,69.40K
27/04/2016,1461715200,7.8,7.4,7.99,7.31,90.46K
26/04/2016,1461628800,7.5,7.56,7.6,7.12,129.27K
25/04/2016,1461542400,7.54,8.05,8.15,7.32,207.06K
24/04/2016,1461456000,8.1,8.35,8.5,8.01,52.06K
23/04/2016,1461369600,8.46,7.95,8.8,7.81,89.57K
22/04/2016,1461283200,7.97,8.23,8.41,7.73,97.37K
21/04/2016,1461196800,8.11,8.61,8.8,8,45.52K
20/04/2016,1461110400,8.61,8.73,9.05,8.35,167.71K
19/04/2016,1461024000,8.71,8.97,9.38,8.65,35.26K
18/04/2016,1460937600,8.97,9.3,9.55,8.44,37.88K
17/04/2016,1460851200,9.46,8.7,10.9,8.61,96.05K
16/04/2016,1460764800,8.54,8.23,8.68,8.18,29.26K
15/04/2016,1460678400,8.32,8.39,8.69,8.1,30.48K
14/04/2016,1460592000,8.46,8.08,8.86,8,36.15K
13/04/2016,1460505600,8.09,7.48,8.8,6.86,142.21K
12/04/2016,1460419200,7.53,8.53,8.54,7.21,63.82K
11/04/2016,1460332800,8.68,8.56,8.93,8.01,60.28K
10/04/2016,1460246400,8.76,9.15,9.43,7.52,171.99K
09/04/2016,1460160000,9.15,9.69,10.2,9,64.96K
08/04/2016,1460073600,9.71,10.05,10.34,9.6,25.97K
07/04/2016,1459987200,10.12,10.76,10.85,9.4,50.74K
06/04/2016,1459900800,10.76,10.4,10.96,10.2,40.04K
05/04/2016,1459814400,10.4,11.15,11.15,9.7,53.39K
04/04/2016,1459728000,11.15,11.6,11.67,10.88,38.74K
03/04/2016,1459641600,11.75,11.61,11.76,11.4,18.85K
02/04/2016,1459555200,11.61,11.65,11.77,11.43,12.17K
01/04/2016,1459468800,11.62,11.41,11.94,11.39,22.20K
31/03/2016,1459382400,11.41,11.92,12.02,11.29,32.67K
30/03/2016,1459296000,11.85,11.79,12.3,11.44,36.96K
29/03/2016,1459209600,11.79,11.78,11.88,11.37,47.57K
28/03/2016,1459123200,11.62,10.4,11.94,10.4,77.31K
27/03/2016,1459036800,10.4,10.93,10.98,10.17,55.81K
26/03/2016,1458950400,11,10.67,11.2,10.58,16.12K
25/03/2016,1458864000,10.67,11.32,11.35,10.52,87.42K
24/03/2016,1458777600,11.2,12.43,12.47,10.67,50.80K
23/03/2016,1458691200,12.43,11.37,12.43,11.2,27.02K
22/03/2016,1458604800,11.37,11.53,11.97,11.08,26.29K
21/03/2016,1458518400,11.95,10.18,12.05,10.14,38.86K
20/03/2016,1458432000,10.18,10.55,10.88,9.56,33.18K
19/03/2016,1458345600,10.31,10.97,11.1,9.78,67.55K
18/03/2016,1458259200,10.74,11.09,11.2,8.34,157.37K
17/03/2016,1458172800,10.74,12.58,12.61,10.44,89.45K
16/03/2016,1458086400,12.88,13.06,13.89,12.62,19.24K
15/03/2016,1458000000,13.06,12.63,13.42,11.98,39.73K
14/03/2016,1457913600,12.5,15.07,15.07,11.4,92.18K
13/03/2016,1457827200,15.07,12.92,15.07,12.92,1.30K
12/03/2016,1457740800,12.92,11.95,13.45,11.95,0.83K
11/03/2016,1457654400,11.95,11.75,11.95,11.75,0.18K
10/03/2016,1457568000,11.75,11.2,11.85,11.07,0.00K